id,subject,probA,probB,probC,probD,result,answer,time,split
d15cf6f1-485a-4609-802d-82c97d3db766,Physiology,0.00830841064453125,1.519918441772461e-05,0.00045800209045410156,0.9912109375,True,D,0.009616613388061523,medmcqa_2
7ff8d503-22a4-4fbf-8528-05bd4e572524,Physiology,0.08416748046875,0.00010734796524047852,0.876953125,0.038818359375,False,D,0.009713888168334961,medmcqa_2
51a610fe-0c90-488c-b944-6b27d1df1796,Physiology,0.0002913475036621094,5.364418029785156e-06,1.5437602996826172e-05,0.99951171875,True,D,0.009597539901733398,medmcqa_2
a24cf57f-edd2-40c8-ad63-7fa07f4c724d,Physiology,1.811981201171875e-05,6.794929504394531e-06,0.00034880638122558594,0.99951171875,False,B,0.009508132934570312,medmcqa_2
3c29df3c-12ec-4f1f-ac5d-ce9d81ee2d4e,Physiology,0.086669921875,0.7373046875,0.152099609375,0.0240631103515625,False,A,0.009757041931152344,medmcqa_2
3529451e-291f-4c1e-a2ee-34acd92a047f,Physiology,0.0518798828125,0.93408203125,0.0038471221923828125,0.01013946533203125,True,B,0.009369611740112305,medmcqa_2
7284ed99-07e1-41de-860b-a6f29a9a00b3,Physiology,0.81689453125,0.07305908203125,0.1063232421875,0.003871917724609375,False,D,0.009618520736694336,medmcqa_2
c458d488-5824-4ddb-acef-cb1f0c2f6fb4,Physiology,0.5419921875,0.00420379638671875,0.44921875,0.00450897216796875,False,B,0.009624004364013672,medmcqa_2
91e3a036-39cb-436a-9a90-269cc43d563a,Physiology,0.00020825862884521484,0.99951171875,6.109476089477539e-05,8.612871170043945e-05,False,D,0.009627342224121094,medmcqa_2
b9cb73f1-12e0-40ae-83b7-353755006713,Physiology,1.0,3.039836883544922e-06,4.708766937255859e-06,7.033348083496094e-06,True,A,0.009629249572753906,medmcqa_2
079bb653-5190-44ee-be4c-5ea26d210094,Physiology,0.399169921875,0.0001360177993774414,0.001270294189453125,0.59912109375,False,A,0.009614229202270508,medmcqa_2
1ff76bee-8551-43b8-b596-3f84cf1e5cc4,Physiology,7.534027099609375e-05,0.99853515625,1.6868114471435547e-05,0.0014667510986328125,False,D,0.00960230827331543,medmcqa_2
08bc3629-079d-41ec-9fd6-13c796c88ea5,Physiology,0.001056671142578125,0.99853515625,0.00018215179443359375,3.0934810638427734e-05,False,C,0.009669780731201172,medmcqa_2
9b162b7e-c082-4d4c-bebb-f6fe25014f50,Physiology,0.5322265625,0.00032830238342285156,0.444580078125,0.023193359375,True,A,0.009635448455810547,medmcqa_2
fcf0e851-e66d-4a42-a5e8-11992065b2c1,Physiology,0.97216796875,0.0003161430358886719,0.0007581710815429688,0.0267333984375,True,A,0.009510040283203125,medmcqa_2
9c66c905-3a4a-440e-973f-270b04fe9a86,Physiology,0.37841796875,0.004726409912109375,0.6142578125,0.00243377685546875,True,C,0.009682416915893555,medmcqa_2
5120f2df-11e4-4a36-a894-cdbcf8d60ed5,Physiology,0.390380859375,0.10589599609375,0.422119140625,0.081787109375,False,A,0.009465694427490234,medmcqa_2
30fbf7e1-42ab-4df1-9a87-d525a1c80491,Physiology,1.0,2.384185791015625e-07,1.1324882507324219e-06,1.3709068298339844e-06,True,A,0.009718656539916992,medmcqa_2
f6bf1016-ae64-4e6e-80ef-8340b8b4fa1a,Physiology,0.06512451171875,0.00010585784912109375,0.9345703125,1.627206802368164e-05,True,C,0.009565591812133789,medmcqa_2
b702a894-f54c-453f-945f-698a424cd6b7,Physiology,0.057769775390625,0.013092041015625,0.91796875,0.01111602783203125,False,D,0.009555578231811523,medmcqa_2
43147af6-11b5-4a32-8feb-57258278403b,Dental,0.405029296875,0.301025390625,0.28271484375,0.0113983154296875,False,B,0.009769201278686523,medmcqa_2
c1af2175-e8d8-4765-9731-bf27916d53f5,Dental,0.5283203125,0.458740234375,0.00765228271484375,0.005340576171875,False,C,0.009584188461303711,medmcqa_2
140c7aa8-2628-4542-a210-af73d746843f,Dental,0.037384033203125,0.01464080810546875,0.0206451416015625,0.92724609375,False,A,0.009634733200073242,medmcqa_2
fbf19492-4cc6-4c34-ac7f-fbd11e9c6ab1,Dental,0.5302734375,1.5139579772949219e-05,0.40673828125,0.0628662109375,False,B,0.009555816650390625,medmcqa_2
0a1e0419-eab8-498a-baa1-e6726e38ef3b,Dental,1.0,8.940696716308594e-07,2.4318695068359375e-05,2.5093555450439453e-05,True,A,0.009666204452514648,medmcqa_2
55c160d5-716a-4a3c-ae43-ff08752fad3e,Dental,0.7412109375,0.11016845703125,0.1436767578125,0.004764556884765625,True,A,0.009766101837158203,medmcqa_2
094c0b8e-b50f-4990-b95a-c8c866309609,Dental,0.998046875,1.4841556549072266e-05,0.00160980224609375,0.0004470348358154297,False,D,0.009458780288696289,medmcqa_2
46f20a2a-755e-4562-bda4-cd3fd0c6731c,Dental,0.86669921875,0.1268310546875,0.0031261444091796875,0.0035419464111328125,False,B,0.009714126586914062,medmcqa_2
92ea0aa6-4ac7-481e-8010-a2e4cf484602,Dental,6.502866744995117e-05,9.059906005859375e-06,8.887052536010742e-05,1.0,True,D,0.009579181671142578,medmcqa_2
b3b7dc01-51b3-4910-8cbf-94177e1cb3ff,Dental,0.275634765625,0.13427734375,0.56982421875,0.0204315185546875,False,D,0.009489774703979492,medmcqa_2
315793de-d46a-4992-9cf7-aebdcaea9e61,Dental,0.24658203125,0.040252685546875,0.7021484375,0.01091766357421875,False,A,0.00929880142211914,medmcqa_2
840966f1-7b5e-4e49-8956-33bac21d6877,Dental,0.7783203125,0.1630859375,0.0220794677734375,0.03668212890625,False,B,0.00956106185913086,medmcqa_2
a2f28e01-4af7-4ec6-b5c0-6f0faa6b3ee3,Dental,0.00621795654296875,0.0029125213623046875,0.03155517578125,0.95947265625,True,D,0.009545326232910156,medmcqa_2
b4347ceb-b9fe-47fb-9cbb-1377c053a8d9,Dental,0.09185791015625,0.59423828125,0.313232421875,0.0007643699645996094,False,A,0.009420156478881836,medmcqa_2
705bad74-974d-48d3-9d67-8a4aeaa68b21,Dental,0.0010967254638671875,0.9970703125,3.552436828613281e-05,0.0019092559814453125,True,B,0.00960397720336914,medmcqa_2
65ba5c27-a711-4c4e-992a-675a2058dbf1,Dental,0.99951171875,5.060434341430664e-05,0.00015842914581298828,0.00011146068572998047,True,A,0.009644031524658203,medmcqa_2
bd97fee8-36e1-488b-96ef-e8c9d42b38db,Dental,0.98583984375,0.00981903076171875,0.00415802001953125,0.00026988983154296875,False,C,0.009540796279907227,medmcqa_2
4df9278a-2d1b-4955-9a64-958b39558f3d,Dental,0.99658203125,5.0067901611328125e-05,0.0005340576171875,0.0030269622802734375,True,A,0.009600639343261719,medmcqa_2
3ea1fb6f-2f04-4881-ac05-2fee0f2873e9,Dental,0.361328125,0.62451171875,0.01316070556640625,0.0011320114135742188,False,C,0.00960230827331543,medmcqa_2
7c96e456-607b-4cb9-a128-bcdfb333c1d5,Dental,0.0002741813659667969,0.99365234375,0.001995086669921875,0.0042877197265625,True,B,0.009683370590209961,medmcqa_2
4d6a8114-360c-4305-bb39-0e5089e14562,Surgery,0.295166015625,0.59619140625,0.09075927734375,0.017730712890625,False,C,0.009606361389160156,medmcqa_2
b928d87c-49fb-4af9-b298-73d69f0e3bfa,Surgery,0.1455078125,0.818359375,0.033233642578125,0.003021240234375,True,B,0.009511947631835938,medmcqa_2
f24567e4-d92f-43eb-8f7d-a1915faed0b3,Surgery,0.0011920928955078125,0.00353240966796875,0.99462890625,0.0005674362182617188,False,B,0.009554386138916016,medmcqa_2
16c51d6b-b0b3-4c31-be16-d0b98df23fa3,Surgery,0.91845703125,0.08154296875,1.1682510375976562e-05,1.1682510375976562e-05,False,B,0.009624481201171875,medmcqa_2
8c994154-5045-4e9b-8d49-9627121ca402,Surgery,0.184326171875,0.0001996755599975586,0.8134765625,0.001865386962890625,False,B,0.009450674057006836,medmcqa_2
5e5432e8-aee0-4c89-b0cd-922cb41fa83f,Surgery,6.29425048828125e-05,0.9833984375,0.0164031982421875,9.524822235107422e-05,True,B,0.009642601013183594,medmcqa_2
9081fac3-9cc8-40b4-98b4-39eb48e197bf,Surgery,0.6376953125,0.35791015625,0.0002560615539550781,0.00400543212890625,True,A,0.009448528289794922,medmcqa_2
14067a27-5462-4677-a713-7186989a2da4,Surgery,0.113525390625,0.7880859375,0.0401611328125,0.058441162109375,False,A,0.009540081024169922,medmcqa_2
0b90f15f-d1b8-41cd-9543-348b18a31c6d,Surgery,0.9873046875,1.2218952178955078e-05,0.00030612945556640625,0.0126190185546875,True,A,0.009567975997924805,medmcqa_2
7c0e36c2-f72b-484d-92cf-c1819c9543d9,Surgery,0.0132904052734375,0.005672454833984375,0.6923828125,0.28857421875,True,C,0.009547948837280273,medmcqa_2
993a097d-f871-4605-a018-8d0ae8ba3ec7,Surgery,4.303455352783203e-05,5.662441253662109e-06,0.03759765625,0.96240234375,False,B,0.009588479995727539,medmcqa_2
f0e8be4b-427f-4eca-9727-be9a73f0f3d0,Surgery,0.040740966796875,0.0005860328674316406,0.81884765625,0.1400146484375,False,D,0.009485721588134766,medmcqa_2
7a7c2016-82d4-4b35-8723-231934d5f0e6,Surgery,0.91845703125,0.07965087890625,0.0019321441650390625,2.9802322387695312e-05,False,B,0.00947117805480957,medmcqa_2
38bd8016-eca6-49c1-94ff-0390746e510a,Surgery,0.0023040771484375,3.808736801147461e-05,0.0006346702575683594,0.9970703125,True,D,0.009564638137817383,medmcqa_2
47529f48-4c06-4e95-8a5e-2153ada031a6,Surgery,0.3583984375,0.06842041015625,0.0267791748046875,0.54638671875,False,B,0.009742021560668945,medmcqa_2
83301d8f-26b2-4bec-b41b-834c3c722b2b,Surgery,0.0005927085876464844,3.11732292175293e-05,0.9990234375,0.0003979206085205078,False,B,0.009789705276489258,medmcqa_2
fd1fcc17-44d6-410c-8f57-359cb22a2ef7,Surgery,1.0,2.3245811462402344e-06,2.86102294921875e-06,1.6689300537109375e-06,True,A,0.009567737579345703,medmcqa_2
cd2cf111-5fc2-4614-a153-f844977fb180,Surgery,0.80224609375,0.157958984375,0.038421630859375,0.001178741455078125,True,A,0.009415864944458008,medmcqa_2
bfa24e20-d6da-455b-b682-5938605617be,Surgery,0.0001659393310546875,9.02414321899414e-05,0.0001596212387084961,0.99951171875,False,C,0.009513378143310547,medmcqa_2
a9498139-288c-4327-960b-fefc96a1f962,Surgery,0.5595703125,0.32373046875,0.076904296875,0.039886474609375,False,D,0.009321451187133789,medmcqa_2
c58b1eed-0c77-48dd-b173-d47ce4311e6f,Orthopaedics,0.004962921142578125,0.38525390625,0.314453125,0.29541015625,False,A,0.00968170166015625,medmcqa_2
f756ceb4-b4e1-46fa-9731-2b49cedce4ce,Orthopaedics,0.0760498046875,6.771087646484375e-05,0.191162109375,0.73291015625,False,C,0.009409189224243164,medmcqa_2
04a54135-71f4-4636-87d5-31adbd78481d,Orthopaedics,0.99951171875,7.30752944946289e-05,0.0001596212387084961,0.00046181678771972656,False,D,0.009668111801147461,medmcqa_2
b027cdbb-039e-4d89-9f34-340a8e8c85e3,Orthopaedics,1.7762184143066406e-05,1.3113021850585938e-06,0.0004954338073730469,0.99951171875,True,D,0.009637594223022461,medmcqa_2
790e4b2c-a1fb-4d76-ba90-d5ac0cfe9b09,Orthopaedics,0.9873046875,0.00894927978515625,0.0002155303955078125,0.0035877227783203125,False,D,0.009580373764038086,medmcqa_2
0fd17712-6948-44a5-8833-9c78fc0de950,Orthopaedics,0.337890625,0.00013887882232666016,0.66162109375,0.00014674663543701172,True,C,0.00960540771484375,medmcqa_2
0a148235-ab60-4209-af65-8b3036315f83,Orthopaedics,0.00728607177734375,0.00027823448181152344,0.9921875,8.225440979003906e-06,True,C,0.009474754333496094,medmcqa_2
7da1a6ae-c179-4551-b841-5900cadb2c02,Orthopaedics,0.623046875,0.021484375,0.249755859375,0.10577392578125,False,C,0.009648799896240234,medmcqa_2
3a559dd7-f341-4416-9595-ac12676389c7,Orthopaedics,0.00505828857421875,7.808208465576172e-06,0.99462890625,0.00013172626495361328,True,C,0.00952601432800293,medmcqa_2
9ea40479-7a1b-4ff9-b68c-d066671cd1e2,Orthopaedics,0.97900390625,0.0152130126953125,0.00370025634765625,0.0021915435791015625,False,B,0.009588956832885742,medmcqa_2
6b7deaa0-7a4c-44a7-9f00-b05cab71af03,Orthopaedics,1.0,5.8770179748535156e-05,7.748603820800781e-07,2.7418136596679688e-06,False,B,0.009548187255859375,medmcqa_2
688a84d9-2cef-4f47-9e51-ecc4439340c2,Orthopaedics,0.00055694580078125,0.99951171875,1.633167266845703e-05,4.231929779052734e-06,True,B,0.009522676467895508,medmcqa_2
677cc3d3-ba75-43dd-8695-32e08ce84121,Orthopaedics,1.1324882507324219e-05,0.9990234375,8.344650268554688e-06,0.0009851455688476562,True,B,0.009563446044921875,medmcqa_2
c69fc110-70aa-4024-b04b-33623ad75988,Orthopaedics,0.7353515625,0.25830078125,0.0026950836181640625,0.003570556640625,False,B,0.009746789932250977,medmcqa_2
a3968996-e729-4db6-9e37-fddd750303c3,Orthopaedics,0.00296783447265625,7.748603820800781e-06,0.8828125,0.114013671875,False,B,0.009482622146606445,medmcqa_2
2e717f2e-854c-4a1d-9bff-06fe78da7b1e,Orthopaedics,0.00055694580078125,5.513429641723633e-05,0.000209808349609375,0.9990234375,True,D,0.009381771087646484,medmcqa_2
7ab1dbef-8465-46c6-9c9d-b3c10068c1da,Orthopaedics,1.0,0.0001233816146850586,1.9848346710205078e-05,1.0132789611816406e-05,True,A,0.009459257125854492,medmcqa_2
799e88c4-5720-4f8c-a8ac-6e84d0eeb083,Orthopaedics,2.7000904083251953e-05,9.864568710327148e-05,0.9873046875,0.01271820068359375,True,C,0.010633707046508789,medmcqa_2
7197f6f2-eff8-48bf-81fa-f4d9eb88f692,Orthopaedics,0.434814453125,0.267822265625,0.294189453125,0.0030002593994140625,True,A,0.009580373764038086,medmcqa_2
316aa068-c56a-479e-97f8-12700093e966,Orthopaedics,1.0,1.722574234008789e-05,8.219480514526367e-05,0.0001442432403564453,True,A,0.009691953659057617,medmcqa_2
a9e6c20f-6150-4f5c-8264-c80b31c32210,Pharmacology,0.0003380775451660156,0.99951171875,1.2874603271484375e-05,5.185604095458984e-06,True,B,0.009444952011108398,medmcqa_2
ec87e5d6-4ba0-4d47-b234-c2be21c686c9,Pharmacology,0.1405029296875,0.01435089111328125,0.73046875,0.11468505859375,False,A,0.009785890579223633,medmcqa_2
26e5ac04-6776-4556-bc22-621e1b33bed9,Pharmacology,1.0,3.5762786865234375e-07,2.980232238769531e-07,2.0265579223632812e-06,True,A,0.009535551071166992,medmcqa_2
d29f913a-c25f-4660-b2cb-a465002121ba,Pharmacology,1.4960765838623047e-05,1.0,1.7285346984863281e-06,2.086162567138672e-06,False,C,0.009565114974975586,medmcqa_2
54cbe752-041c-4eb5-8de6-6fadcecdd57a,Pharmacology,8.219480514526367e-05,1.0,2.5033950805664062e-06,5.900859832763672e-06,True,B,0.009737491607666016,medmcqa_2
723c10f1-2c6f-45f9-a8f8-6a5ed8ff9960,Pharmacology,0.978515625,0.0206298828125,0.00031828880310058594,0.0004417896270751953,True,A,0.009601831436157227,medmcqa_2
3ace1c4d-521c-436b-be72-e0d27b86ad1f,Pharmacology,0.6865234375,0.268798828125,0.0005483627319335938,0.04388427734375,False,B,0.009735345840454102,medmcqa_2
5cf372e5-f0d2-4c65-afda-f666323e8359,Pharmacology,0.252685546875,0.70849609375,0.018585205078125,0.020263671875,True,B,0.00946664810180664,medmcqa_2
d306ea3d-13dc-4985-8642-a60135919464,Pharmacology,0.8857421875,0.08367919921875,0.0253143310546875,0.00534820556640625,False,C,0.009562492370605469,medmcqa_2
97517925-a141-4eff-8faf-27b7be7df20d,Pharmacology,0.08929443359375,0.002532958984375,0.0062713623046875,0.90185546875,True,D,0.011211395263671875,medmcqa_2
ad3e70aa-25ed-41b5-a5f5-760013e39202,Pharmacology,0.00030994415283203125,0.9990234375,0.00021982192993164062,0.00031495094299316406,False,A,0.009950399398803711,medmcqa_2
00c06a73-5e29-4f68-ad21-dd561ca17f02,Pharmacology,1.0,9.5367431640625e-07,5.066394805908203e-06,4.76837158203125e-06,True,A,0.009425878524780273,medmcqa_2
38e03a34-9492-4770-bbb6-ad1b59b9ee30,Pharmacology,1.0,9.5367431640625e-07,2.384185791015625e-07,1.1920928955078125e-06,False,B,0.009776115417480469,medmcqa_2
efa9b58a-2f38-4812-a1af-e9bf0f496943,Pharmacology,2.4080276489257812e-05,5.4836273193359375e-06,0.99951171875,0.0006070137023925781,True,C,0.009607315063476562,medmcqa_2
10899191-b02f-4355-b84a-27ae091ce065,Pharmacology,0.85009765625,0.0033397674560546875,0.06256103515625,0.08416748046875,False,D,0.009527921676635742,medmcqa_2
09b9c5de-b02a-41c5-82dd-6f2e1150d2e1,Pharmacology,0.71044921875,0.27392578125,0.0007634162902832031,0.0146331787109375,False,C,0.009540319442749023,medmcqa_2
ea60617b-8675-4d64-9d10-d372377faf33,Pharmacology,0.051055908203125,0.9482421875,0.00016248226165771484,0.00045561790466308594,True,B,0.009808778762817383,medmcqa_2
5d36e643-64b6-4717-8f83-d26fb248b403,Pharmacology,8.64267349243164e-06,1.4841556549072266e-05,2.6881694793701172e-05,1.0,True,D,0.00955820083618164,medmcqa_2
01f3027e-1f6a-41ae-b1f8-f5f959cc6c34,Pharmacology,0.00030541419982910156,0.0012559890747070312,0.9765625,0.0217437744140625,False,D,0.01012730598449707,medmcqa_2
de90d647-8a85-41d6-806e-fc1bf646e23e,Pharmacology,3.24249267578125e-05,0.99951171875,0.00010228157043457031,0.00023043155670166016,True,B,0.009784460067749023,medmcqa_2
89484d9a-18b0-44f5-9e0f-da44393063ed,Social & Preventive Medicine,0.59228515625,0.406982421875,0.0007152557373046875,0.0001499652862548828,False,C,0.009621143341064453,medmcqa_2
87cbea98-e8fc-455b-b20c-28313725e5ca,Social & Preventive Medicine,0.9931640625,0.00016367435455322266,0.00015497207641601562,0.0064849853515625,True,A,0.009536027908325195,medmcqa_2
27eb72a0-d151-4a27-98bb-d65d794d728a,Social & Preventive Medicine,0.26513671875,0.465576171875,0.251220703125,0.0181884765625,False,C,0.00945425033569336,medmcqa_2
fa02f60e-b11a-43e3-b15f-631d44970602,Social & Preventive Medicine,0.007663726806640625,0.007312774658203125,0.00433349609375,0.98046875,False,B,0.009660005569458008,medmcqa_2
52cdf5af-c773-4932-9595-9546edeb1599,Social & Preventive Medicine,0.0018663406372070312,0.99755859375,5.638599395751953e-05,0.00045037269592285156,False,A,0.009610176086425781,medmcqa_2
5a726423-4ba5-4d5d-8e8c-2e7d7ea1ce04,Social & Preventive Medicine,0.91943359375,0.01104736328125,0.00783538818359375,0.061614990234375,False,D,0.009423971176147461,medmcqa_2
039a01cc-dea7-4844-8182-e6f164dad5ce,Social & Preventive Medicine,0.1597900390625,0.280517578125,0.0479736328125,0.51171875,True,D,0.009570598602294922,medmcqa_2
7c7ebd22-ba58-47ac-a4db-66f273c593e7,Social & Preventive Medicine,0.2568359375,0.275390625,0.00647735595703125,0.46142578125,True,D,0.009484529495239258,medmcqa_2
eece6c9c-1eb9-48b1-aacb-855b62f09054,Social & Preventive Medicine,0.00017952919006347656,1.7940998077392578e-05,0.00015473365783691406,0.99951171875,True,D,0.009606122970581055,medmcqa_2
4ee56b82-4319-49ee-a513-aec33a38abf2,Social & Preventive Medicine,0.0001323223114013672,1.0,1.3709068298339844e-06,1.430511474609375e-06,True,B,0.00957179069519043,medmcqa_2
f7a5fc2d-9811-42c1-aeac-5428d5f6fa7a,Social & Preventive Medicine,0.002094268798828125,0.0013513565063476562,0.9951171875,0.0014495849609375,True,C,0.009590864181518555,medmcqa_2
867a7d84-e67d-409f-a208-01a841a3ceb3,Social & Preventive Medicine,0.384765625,0.5869140625,0.0007843971252441406,0.0276641845703125,True,B,0.009468555450439453,medmcqa_2
a8305546-8948-4aea-b844-2c3662eaf14d,Social & Preventive Medicine,0.27392578125,0.351806640625,0.1455078125,0.2288818359375,False,C,0.009607076644897461,medmcqa_2
6b985d48-c7e9-4acf-8f3b-45b819116d4a,Social & Preventive Medicine,0.004749298095703125,8.207559585571289e-05,0.994140625,0.0009207725524902344,True,C,0.009456396102905273,medmcqa_2
b410372e-02df-49d0-8341-5a7450f0e21f,Social & Preventive Medicine,0.76904296875,0.2186279296875,0.00670623779296875,0.005733489990234375,False,B,0.009684324264526367,medmcqa_2
ac20aa64-0284-41de-bf87-77681768a5b3,Social & Preventive Medicine,0.1160888671875,0.004680633544921875,0.303466796875,0.57568359375,True,D,0.009618759155273438,medmcqa_2
0b5cfb68-4591-483f-a873-42e13b1c4826,Social & Preventive Medicine,0.0008187294006347656,0.1622314453125,0.8369140625,6.824731826782227e-05,False,B,0.009701967239379883,medmcqa_2
008ebe70-eb23-4733-81af-1759261566ad,Social & Preventive Medicine,4.9233436584472656e-05,1.5676021575927734e-05,0.73388671875,0.265869140625,False,D,0.009570121765136719,medmcqa_2
de7b064a-f8dd-4cbf-9c8b-336481318955,Social & Preventive Medicine,0.99951171875,0.00043392181396484375,2.5451183319091797e-05,3.516674041748047e-06,False,C,0.009817838668823242,medmcqa_2
4b96d2bb-7d36-4d96-ae66-0ebec6ca8896,Social & Preventive Medicine,0.9755859375,0.0110931396484375,6.008148193359375e-05,0.01348114013671875,False,B,0.010458946228027344,medmcqa_2
4f0d94a4-43c2-4324-afb1-78c5d9503f0f,Anatomy,0.0614013671875,0.00431060791015625,0.00335693359375,0.93115234375,True,D,0.009621620178222656,medmcqa_2
bdf5152c-8347-4d78-a96d-4f34787c8e8d,Anatomy,0.96240234375,0.0256500244140625,0.003902435302734375,0.0081939697265625,True,A,0.009646415710449219,medmcqa_2
8a58d800-25f2-46d5-8daa-262550be6431,Anatomy,6.0617923736572266e-05,1.0,1.2874603271484375e-05,1.8894672393798828e-05,True,B,0.009323835372924805,medmcqa_2
2679dffa-e57d-4298-93b2-aeb7ae6b04fa,Anatomy,0.9560546875,0.0004930496215820312,0.039154052734375,0.004291534423828125,True,A,0.009679317474365234,medmcqa_2
be570a13-ec95-4cbf-a0da-9931f2567a4e,Anatomy,0.791015625,0.06494140625,0.0283660888671875,0.11572265625,False,C,0.00955057144165039,medmcqa_2
780bc919-50ad-4f6e-822c-fb3f5d7cedde,Anatomy,4.07099723815918e-05,5.066394805908203e-06,1.0,1.6629695892333984e-05,False,A,0.009593486785888672,medmcqa_2
bcf3912a-d32f-4525-b5df-8659601b7120,Anatomy,1.0,3.707408905029297e-05,1.531839370727539e-05,1.7881393432617188e-06,True,A,0.009632587432861328,medmcqa_2
b3f9e000-fd2b-4b2d-aaa6-c9a432bfd771,Anatomy,0.0011510848999023438,1.531839370727539e-05,0.99853515625,0.00020802021026611328,False,D,0.00959920883178711,medmcqa_2
444b4571-c88a-447e-b066-4103d7fea143,Anatomy,0.92919921875,0.035186767578125,0.004169464111328125,0.03131103515625,False,C,0.00950312614440918,medmcqa_2
41c831a5-4a3a-4cd3-95aa-5e43bea8ff90,Anatomy,0.1292724609375,0.54443359375,0.056915283203125,0.26953125,False,A,0.00948476791381836,medmcqa_2
52327e2b-27f5-4924-8ec7-51a02fd190d5,Anatomy,0.1815185546875,0.00011199712753295898,0.00461578369140625,0.8134765625,True,D,0.012471199035644531,medmcqa_2
e72a5f40-6d2b-4a06-9561-d280be08d59f,Anatomy,0.53955078125,0.4267578125,0.0119171142578125,0.0220947265625,False,D,0.009534358978271484,medmcqa_2
b4e6303c-364b-4ada-88b1-8f0e056c9eef,Anatomy,0.96435546875,2.5510787963867188e-05,0.0343017578125,0.001495361328125,True,A,0.009727716445922852,medmcqa_2
3ce828e3-aa05-49c9-b34d-6e8c3ecaf1d3,Anatomy,0.96826171875,0.0162811279296875,0.01172637939453125,0.003631591796875,True,A,0.009555578231811523,medmcqa_2
facc9dd1-2ca4-4d0d-af83-a399658635ae,Anatomy,0.01538848876953125,0.64404296875,0.339599609375,0.0008616447448730469,False,C,0.009397029876708984,medmcqa_2
cf40002b-3bcf-4bbc-8c3f-44712bbf5e0e,Anatomy,0.67724609375,0.035888671875,0.01094818115234375,0.27587890625,True,A,0.009554147720336914,medmcqa_2
1dfe0a51-259c-4aad-8ae2-f94640af28c7,Anatomy,0.00028014183044433594,6.556510925292969e-07,3.045797348022461e-05,0.99951171875,True,D,0.009699583053588867,medmcqa_2
32d37a69-a491-4af7-b2d9-ba60aa1ac588,Anatomy,0.00010138750076293945,2.2649765014648438e-05,0.99853515625,0.001132965087890625,True,C,0.00976872444152832,medmcqa_2
9d60a5a7-50fa-40fe-a85f-87a062637599,Anatomy,0.324951171875,0.00010406970977783203,0.646484375,0.0283966064453125,False,A,0.009623050689697266,medmcqa_2
b747e14f-db51-4375-ac19-ffb7ead218fd,Anatomy,0.287109375,0.50390625,0.034576416015625,0.1741943359375,True,B,0.009760618209838867,medmcqa_2
e34785ee-5752-4c10-bcbc-8c8f62a28297,Pathology,0.0017681121826171875,1.6033649444580078e-05,4.863739013671875e-05,0.998046875,True,D,0.00973963737487793,medmcqa_2
3b2869e1-fc70-4022-a8bc-44338233282d,Pathology,0.99951171875,2.205371856689453e-06,3.1948089599609375e-05,0.0003275871276855469,False,D,0.009535074234008789,medmcqa_2
04874b42-892f-4efe-ad82-e4fb40818c4b,Pathology,9.751319885253906e-05,0.0011968612670898438,0.99853515625,0.00014865398406982422,True,C,0.009768009185791016,medmcqa_2
5cb54e5d-2b65-48dc-8219-118cdb5c58d9,Pathology,0.9970703125,0.0002372264862060547,1.1980533599853516e-05,0.002590179443359375,True,A,0.009547948837280273,medmcqa_2
27458d5e-dce2-47fb-b068-7cd20c2f9e2c,Pathology,5.781650543212891e-06,1.430511474609375e-06,4.07099723815918e-05,1.0,True,D,0.009285211563110352,medmcqa_2
2b9338a9-68da-47d6-8d26-c4c1a0434b40,Pathology,0.99951171875,5.263090133666992e-05,3.975629806518555e-05,0.0002779960632324219,True,A,0.009654045104980469,medmcqa_2
5faf58d9-5e6f-482a-a499-38d1bd538f5d,Pathology,0.9990234375,2.8014183044433594e-06,0.0010004043579101562,1.9669532775878906e-06,True,A,0.009511232376098633,medmcqa_2
2cb99ffe-fe25-45c7-a0d3-aaab2b3f995b,Pathology,1.9609928131103516e-05,0.810546875,0.00016880035400390625,0.189453125,True,B,0.01269984245300293,medmcqa_2
46ba3ac6-c774-4f68-a421-c2a6bdddd6a3,Pathology,1.0,2.5033950805664062e-06,1.5676021575927734e-05,0.00019872188568115234,True,A,0.009282588958740234,medmcqa_2
eea0f062-94a5-4832-97ac-b69ece6cb346,Pathology,0.7255859375,0.015655517578125,0.2213134765625,0.037567138671875,False,B,0.009812116622924805,medmcqa_2
9a67cc8d-16ed-4b3e-a1ac-5fcc2dba5e2c,Pathology,0.9970703125,1.4901161193847656e-05,1.1980533599853516e-05,0.0027790069580078125,True,A,0.009551048278808594,medmcqa_2
f6a0fc8b-8811-490b-9736-9265a4aa2d7d,Pathology,1.9669532775878906e-06,9.167194366455078e-05,1.0,9.953975677490234e-06,True,C,0.009822607040405273,medmcqa_2
bcf0e113-00f7-445a-93ec-829b1c356584,Pathology,3.647804260253906e-05,1.0,2.5033950805664062e-06,1.4841556549072266e-05,True,B,0.009363651275634766,medmcqa_2
c13b1f6b-6b22-403f-80c6-943313c1c6a5,Pathology,0.0921630859375,0.90234375,0.00511932373046875,0.00026106834411621094,True,B,0.009683370590209961,medmcqa_2
9a88bdb9-9dfa-4033-ace0-b108fc233bdc,Pathology,0.0023784637451171875,0.99755859375,1.1086463928222656e-05,1.6510486602783203e-05,False,A,0.009691715240478516,medmcqa_2
964524c6-e2c0-4b41-a013-644a1da74cd6,Pathology,0.1553955078125,0.7294921875,0.08648681640625,0.0285186767578125,False,A,0.009624242782592773,medmcqa_2
c3073526-26e4-4552-9050-a08cfd2af1d4,Pathology,3.814697265625e-06,1.0,8.702278137207031e-06,5.662441253662109e-06,True,B,0.00963449478149414,medmcqa_2
5ba62b8f-9bcd-4646-b9b0-59c0b5374ff6,Pathology,0.0003616809844970703,0.0181121826171875,2.944469451904297e-05,0.9814453125,False,B,0.009984731674194336,medmcqa_2
36964526-b40b-444c-bd7e-7924b40ba008,Pathology,0.7744140625,7.927417755126953e-06,0.225341796875,8.368492126464844e-05,False,C,0.009797334671020508,medmcqa_2
999b26e0-d846-4b92-99c5-daae72e9933e,Pathology,0.99609375,8.720159530639648e-05,0.003620147705078125,0.00015175342559814453,True,A,0.009313344955444336,medmcqa_2
6d781aca-7ff5-41c9-b2eb-61772db39c68,Ophthalmology,0.998046875,0.0016355514526367188,0.0001533031463623047,0.00015091896057128906,False,B,0.009751081466674805,medmcqa_2
5b1d5f38-f363-43fe-b862-0477d2586fa0,Ophthalmology,0.10284423828125,0.8955078125,0.0011157989501953125,0.0004801750183105469,True,B,0.009690999984741211,medmcqa_2
0a07801e-06e6-4f6b-90cc-df72bd42bf0c,Ophthalmology,0.00016939640045166016,2.5570392608642578e-05,0.99658203125,0.0032215118408203125,True,C,0.009301900863647461,medmcqa_2
84c43086-9b09-4869-9ff6-c0f1aa5caaa9,Ophthalmology,3.808736801147461e-05,7.748603820800781e-06,0.99560546875,0.004329681396484375,True,C,0.009502649307250977,medmcqa_2
9fa203a9-0f3a-4566-bdf3-b577752f7a12,Ophthalmology,1.0,2.300739288330078e-05,2.205371856689453e-06,4.100799560546875e-05,True,A,0.009439945220947266,medmcqa_2
4ea8f896-caea-47c9-8908-7d6c09b26b99,Ophthalmology,0.9296875,0.06036376953125,0.00904083251953125,0.0009531974792480469,True,A,0.009583473205566406,medmcqa_2
55a6aef4-0186-47fa-863a-04dfbe21f5f3,Ophthalmology,0.01300811767578125,0.00020229816436767578,0.008209228515625,0.978515625,False,A,0.009531259536743164,medmcqa_2
e635390b-f2ac-4a9c-b8f5-bf0eba940091,Ophthalmology,0.006927490234375,0.046600341796875,0.010162353515625,0.9365234375,False,C,0.00948333740234375,medmcqa_2
51561362-650b-4e53-917e-0b2e08f2bbec,Ophthalmology,0.00046563148498535156,0.01163482666015625,0.74853515625,0.2392578125,False,B,0.009301185607910156,medmcqa_2
d06140f8-19aa-4d38-87c1-60b3318a44a8,Ophthalmology,7.152557373046875e-06,5.960464477539062e-07,3.618001937866211e-05,1.0,False,A,0.009741783142089844,medmcqa_2
b0bd5ea4-8d2d-43c3-a98b-9d38b1b50d98,Ophthalmology,0.7041015625,0.1365966796875,0.02044677734375,0.138671875,False,D,0.009307146072387695,medmcqa_2
6bbf716a-7acf-4749-9cb3-2af12c6c597c,Ophthalmology,4.13060188293457e-05,7.987022399902344e-06,0.99951171875,0.00036835670471191406,True,C,0.009341955184936523,medmcqa_2
2b2a9061-2018-4ec2-aa34-307d45af2b12,Ophthalmology,2.1755695343017578e-05,1.0,1.1324882507324219e-05,2.187490463256836e-05,False,A,0.009365558624267578,medmcqa_2
18c323b9-4db7-4e90-ab9e-0c1114e57dd3,Ophthalmology,0.0010442733764648438,0.95703125,0.0007700920104980469,0.0413818359375,True,B,0.009710073471069336,medmcqa_2
90171a1d-02da-4753-8245-7d0160bf51fb,Ophthalmology,0.0165252685546875,6.395578384399414e-05,0.0004200935363769531,0.98291015625,True,D,0.009576797485351562,medmcqa_2
a0cf248d-5242-44ba-87a8-c19d904b279b,Ophthalmology,0.05023193359375,0.354248046875,0.5791015625,0.0163116455078125,True,C,0.009466171264648438,medmcqa_2
08760ce0-6558-414a-bd37-85a67d55282c,Ophthalmology,0.016082763671875,0.00011175870895385742,0.9794921875,0.0045013427734375,False,B,0.00964498519897461,medmcqa_2
7d8eec58-4e95-45cb-be15-1a954306aa45,Ophthalmology,0.9033203125,0.06390380859375,0.00035691261291503906,0.03265380859375,False,C,0.00969696044921875,medmcqa_2
8956713e-0720-4bc7-a881-725ee9e6b77b,Ophthalmology,0.07012939453125,0.77197265625,0.1556396484375,0.0023632049560546875,False,C,0.009581565856933594,medmcqa_2
ef53cda0-a03b-4af9-a073-a1a259c73515,Ophthalmology,0.016387939453125,0.0006504058837890625,0.982421875,0.00047206878662109375,False,B,0.009557485580444336,medmcqa_2
0b2ac919-65f2-4e6e-96ba-97e9e761a65d,Gynaecology & Obstetrics,1.0,6.556510925292969e-07,7.748603820800781e-07,5.960464477539062e-07,True,A,0.009536504745483398,medmcqa_2
5a6d1474-6616-4e92-a4d7-7068194907cc,Gynaecology & Obstetrics,0.73974609375,0.255615234375,0.0020771026611328125,0.0024871826171875,False,B,0.009461402893066406,medmcqa_2
297677a6-6899-4f3f-9fc6-50ce8ef77d8f,Gynaecology & Obstetrics,0.12200927734375,0.0039825439453125,0.7021484375,0.1719970703125,True,C,0.00932931900024414,medmcqa_2
923c02b6-b090-4eb3-9d0f-faa86c8ca843,Gynaecology & Obstetrics,0.00403594970703125,0.0145416259765625,0.97998046875,0.0012025833129882812,False,B,0.009567499160766602,medmcqa_2
d9006f5c-ce65-42bf-9c9d-9b4091aa94ef,Gynaecology & Obstetrics,0.9755859375,0.00905609130859375,0.01238250732421875,0.0027408599853515625,False,C,0.009540081024169922,medmcqa_2
af7e0a7d-3500-4627-9a68-b9a2846cf25c,Gynaecology & Obstetrics,0.7431640625,8.094310760498047e-05,0.2568359375,0.00014543533325195312,True,A,0.009578704833984375,medmcqa_2
5e2fc1e8-4a7b-41f6-94aa-f97993235037,Gynaecology & Obstetrics,0.72705078125,0.1866455078125,0.00478363037109375,0.08154296875,True,A,0.009592056274414062,medmcqa_2
2446d0f1-6eca-4490-8f29-cf881563ed09,Gynaecology & Obstetrics,0.0099334716796875,0.00013315677642822266,0.00013518333435058594,0.98974609375,False,A,0.009477853775024414,medmcqa_2
21cbedc3-48cf-4064-b498-836b274f3ea9,Gynaecology & Obstetrics,0.85498046875,5.829334259033203e-05,0.058197021484375,0.086669921875,True,A,0.009824752807617188,medmcqa_2
0f45ce1f-6fb9-4d7c-b492-0c1e5da47d3c,Gynaecology & Obstetrics,0.09356689453125,0.11639404296875,0.72998046875,0.0599365234375,False,B,0.010909795761108398,medmcqa_2
7ed10403-b06f-4d16-80cb-6bebf0ac484c,Gynaecology & Obstetrics,0.00016260147094726562,4.655122756958008e-05,0.994140625,0.00542449951171875,False,D,0.00958871841430664,medmcqa_2
8be19c17-caf4-4bbe-b2f2-d2176724b288,Gynaecology & Obstetrics,0.8974609375,0.09381103515625,0.0017461776733398438,0.007122039794921875,False,B,0.009633064270019531,medmcqa_2
d01d87fe-0597-4189-8467-f27e784e8a00,Gynaecology & Obstetrics,0.9990234375,1.1622905731201172e-05,0.0011157989501953125,8.809566497802734e-05,False,C,0.00956416130065918,medmcqa_2
b48060f5-77e5-4788-a956-4e23d5e61740,Gynaecology & Obstetrics,3.069639205932617e-05,6.157159805297852e-05,1.722574234008789e-05,1.0,True,D,0.009601831436157227,medmcqa_2
2e4e1ee8-5d6e-488c-8a6f-7ba50afb6001,Gynaecology & Obstetrics,0.2685546875,0.053314208984375,0.61962890625,0.05853271484375,False,B,0.009676456451416016,medmcqa_2
c5fca1b1-2f4b-4786-b48f-2425a7b91f5c,Gynaecology & Obstetrics,0.98486328125,0.00240325927734375,0.01192474365234375,0.00087738037109375,True,A,0.00955510139465332,medmcqa_2
a66ffca3-43ba-46ed-af2f-9a397610ba9c,Gynaecology & Obstetrics,0.01042938232421875,0.96826171875,0.0011606216430664062,0.0200958251953125,True,B,0.009474039077758789,medmcqa_2
f1393574-95d6-4a03-bbfb-c82490c89002,Gynaecology & Obstetrics,0.0653076171875,0.9296875,0.0013980865478515625,0.00337982177734375,True,B,0.009558916091918945,medmcqa_2
d0cd2cfd-5643-48a5-b472-925482549dfe,Gynaecology & Obstetrics,0.99951171875,0.0003981590270996094,5.3882598876953125e-05,2.562999725341797e-05,False,B,0.009593009948730469,medmcqa_2
57274d8b-8c5d-4265-817f-10d8ccf90a1d,Gynaecology & Obstetrics,8.881092071533203e-06,4.0531158447265625e-06,1.0,0.0001366138458251953,False,A,0.010121822357177734,medmcqa_2
a1626373-d1a3-4f65-bd64-b5e0cbbebe5c,Medicine,0.0098876953125,5.3942203521728516e-05,0.291259765625,0.69873046875,True,D,0.009852409362792969,medmcqa_2
644ee88f-6567-4aaf-a9ab-e96dc2ee91c3,Medicine,8.153915405273438e-05,2.980232238769531e-07,7.539987564086914e-05,1.0,True,D,0.009623050689697266,medmcqa_2
37ec0e5e-7147-4e59-88c3-272299eccf5e,Medicine,0.0031566619873046875,0.55615234375,0.000507354736328125,0.43994140625,False,D,0.009555816650390625,medmcqa_2
33330121-608c-48b0-887d-60981fc16167,Medicine,0.0024127960205078125,0.000736236572265625,0.9892578125,0.00778961181640625,True,C,0.009809494018554688,medmcqa_2
de15a0a0-6ff8-4496-a469-afa1bd5330f6,Medicine,0.027557373046875,0.00013267993927001953,0.75048828125,0.2218017578125,False,B,0.010063409805297852,medmcqa_2
b0f352d1-abe8-4bab-9283-eeed8e9eff0a,Medicine,0.62548828125,0.008575439453125,0.293212890625,0.07293701171875,False,B,0.00987100601196289,medmcqa_2
5c5958f1-7c15-4d45-974c-2a3aa36bec81,Medicine,0.061737060546875,0.06573486328125,0.00023508071899414062,0.87255859375,False,C,0.009552001953125,medmcqa_2
9e2039a8-bbe0-40be-b00e-b7f41bd95934,Medicine,0.9326171875,0.055999755859375,1.2695789337158203e-05,0.01129150390625,False,B,0.009514570236206055,medmcqa_2
f8df8101-c272-47fa-be91-edc6c5710145,Medicine,0.0002377033233642578,0.99951171875,2.2649765014648438e-05,0.0003829002380371094,False,A,0.00950169563293457,medmcqa_2
a35ab4c7-83c6-416b-bb3f-655c1ef7bdae,Medicine,0.88525390625,0.0003185272216796875,2.4557113647460938e-05,0.11431884765625,False,D,0.00942540168762207,medmcqa_2
a66cbc7e-838c-487a-9582-2ed7084124c0,Medicine,1.0,7.748603820800781e-07,2.384185791015625e-07,5.960464477539062e-07,True,A,0.013087034225463867,medmcqa_2
43798c77-cd41-43d6-b44d-2a827833ff01,Medicine,1.0,3.5762786865234375e-07,4.76837158203125e-07,1.7285346984863281e-06,True,A,0.009521007537841797,medmcqa_2
f9d3a334-ff88-4021-8ad7-56bcc7029456,Medicine,0.43017578125,0.337646484375,0.07244873046875,0.1595458984375,False,D,0.009953498840332031,medmcqa_2
83d7a565-3257-4e37-9049-eadfaf8df0d7,Medicine,0.11260986328125,0.00020110607147216797,0.0014514923095703125,0.8857421875,False,A,0.009534358978271484,medmcqa_2
d67da481-3a56-4878-894a-5ab83e45342a,Medicine,0.1317138671875,0.005565643310546875,0.0171356201171875,0.845703125,False,B,0.009597063064575195,medmcqa_2
62c3b92f-870d-47bd-a21b-90ca1d194408,Medicine,0.00020325183868408203,1.3172626495361328e-05,0.02386474609375,0.97607421875,True,D,0.009575366973876953,medmcqa_2
9c58df37-2dac-4b36-b946-eb369676f0f6,Medicine,0.00010716915130615234,1.1622905731201172e-05,0.99951171875,0.0004954338073730469,False,A,0.009618520736694336,medmcqa_2
df05eadb-b02e-40cd-b3a5-05023717304b,Medicine,1.0,7.748603820800781e-07,1.7762184143066406e-05,3.11732292175293e-05,False,D,0.009592533111572266,medmcqa_2
b79917bc-e97f-46b4-a7e9-e3966b34c506,Medicine,0.0004544258117675781,0.00010710954666137695,0.0004203319549560547,0.9990234375,False,C,0.00937342643737793,medmcqa_2
d9fcb779-e20d-44e0-a77b-c6b8266ddacd,Medicine,5.650520324707031e-05,1.1742115020751953e-05,0.0001233816146850586,1.0,False,B,0.009521722793579102,medmcqa_2
f7d17358-64c7-4deb-9cea-16c5d5b38d78,Microbiology,0.7529296875,0.07513427734375,0.1517333984375,0.0202178955078125,True,A,0.009509801864624023,medmcqa_2
1108a2aa-4ff4-4274-b181-0633f58a8484,Microbiology,0.00388336181640625,5.424022674560547e-06,0.99609375,4.45246696472168e-05,True,C,0.009548187255859375,medmcqa_2
5319d11b-e13f-4a02-a642-b145a0236422,Microbiology,0.135009765625,0.00682830810546875,0.8271484375,0.030853271484375,True,C,0.009596586227416992,medmcqa_2
fdaf6844-74dd-473d-b551-5f44c86efc62,Microbiology,5.173683166503906e-05,0.98974609375,0.00030231475830078125,0.0099334716796875,True,B,0.009307146072387695,medmcqa_2
86a6ac6c-15f9-4e01-8baa-5ca8c269b149,Microbiology,0.97705078125,0.0005984306335449219,0.00567626953125,0.0165557861328125,True,A,0.009540319442749023,medmcqa_2
485339f2-8407-4d4f-bb14-8372fbc0d09c,Microbiology,3.5762786865234375e-06,7.808208465576172e-06,1.0,7.599592208862305e-05,True,C,0.00951242446899414,medmcqa_2
adb86714-b275-4cbb-8d6e-7597ed6082ac,Microbiology,0.003864288330078125,0.65478515625,0.0013456344604492188,0.33984375,False,D,0.009624242782592773,medmcqa_2
a93f0231-9509-4c26-8af2-4e831b524505,Microbiology,0.005680084228515625,0.99365234375,0.0003204345703125,0.00054931640625,True,B,0.009620189666748047,medmcqa_2
b2f06a02-a7a5-4c2b-a037-13d731aae4e9,Microbiology,0.032257080078125,0.2274169921875,0.006450653076171875,0.73388671875,True,D,0.009555578231811523,medmcqa_2
a83b55c7-ab9b-4c30-a0a3-9d45b2e6356d,Microbiology,0.97509765625,0.00798797607421875,0.0002753734588623047,0.0165252685546875,False,B,0.009605169296264648,medmcqa_2
35558726-6558-42ca-b8aa-39cc5d528464,Microbiology,1.0,6.079673767089844e-06,9.59634780883789e-06,0.00013339519500732422,False,D,0.00937199592590332,medmcqa_2
b550c839-b30b-4d52-ae53-2e006afe282c,Microbiology,0.00693511962890625,0.0184173583984375,0.00012600421905517578,0.974609375,True,D,0.00969696044921875,medmcqa_2
20ac8319-5788-461a-8213-700fb96fba73,Microbiology,0.65576171875,0.034210205078125,0.0233306884765625,0.28662109375,False,D,0.009593963623046875,medmcqa_2
770558f8-ae2c-4e68-a6b3-eb7c80aad3a9,Microbiology,0.5791015625,0.01300048828125,0.0032100677490234375,0.404541015625,True,A,0.009499549865722656,medmcqa_2
57a55d12-ab96-4b10-997f-5a213d9f9b9d,Microbiology,0.76513671875,0.005619049072265625,0.02154541015625,0.2076416015625,True,A,0.009355306625366211,medmcqa_2
dbf1a972-3872-4ead-a711-662058b7e7f1,Microbiology,6.604194641113281e-05,2.8014183044433594e-06,1.0,2.9742717742919922e-05,True,C,0.009561538696289062,medmcqa_2
d00ceb4c-3447-44a4-9444-b8955400261c,Microbiology,0.013031005859375,0.006107330322265625,0.96533203125,0.015716552734375,False,B,0.009592533111572266,medmcqa_2
f6989914-8cda-4227-9e72-9228732680eb,Microbiology,8.153915405273438e-05,1.0,4.4345855712890625e-05,7.718801498413086e-05,True,B,0.00929117202758789,medmcqa_2
bdcb61db-6ef7-4463-8650-2edc8f6ea9ad,Microbiology,0.0037937164306640625,0.99609375,1.537799835205078e-05,7.283687591552734e-05,True,B,0.009604692459106445,medmcqa_2
d74ea516-e04e-4f5b-873f-f5f694f561ae,Microbiology,0.61865234375,5.543231964111328e-05,0.0002880096435546875,0.381103515625,False,D,0.009711265563964844,medmcqa_2
dfa21168-31de-4598-a02a-b3e9e4703b92,Biochemistry,0.0005702972412109375,0.99951171875,3.0994415283203125e-06,1.2516975402832031e-06,True,B,0.00934457778930664,medmcqa_2
cdcae6ed-6baf-49ae-9e07-6bc7fb9b4ffd,Biochemistry,0.92578125,0.0006995201110839844,0.07080078125,0.0029010772705078125,True,A,0.009585380554199219,medmcqa_2
d29c8d65-c329-4bd3-8f4a-09ad842fa242,Biochemistry,0.0017757415771484375,0.0001074671745300293,0.99462890625,0.0037288665771484375,True,C,0.009570837020874023,medmcqa_2
35307205-651e-4546-a62a-17f5caacb6f6,Biochemistry,0.00014972686767578125,0.00948333740234375,0.990234375,6.496906280517578e-06,True,C,0.013518333435058594,medmcqa_2
757546f9-a5ca-4f76-8a84-433d1b3f2699,Biochemistry,0.00014483928680419922,0.63330078125,0.0003447532653808594,0.366455078125,True,B,0.009335756301879883,medmcqa_2
92e96f6f-7918-47a9-84fd-32f151743d4e,Biochemistry,0.701171875,0.25390625,0.0018358230590820312,0.04278564453125,True,A,0.009730100631713867,medmcqa_2
08e2c7a3-1ce6-4e25-92fd-121bae470451,Biochemistry,0.00012636184692382812,1.0,1.0132789611816406e-05,6.258487701416016e-06,True,B,0.009251117706298828,medmcqa_2
a69cf062-622c-4629-91d9-ccd4627a4a10,Biochemistry,0.7587890625,0.1529541015625,0.061309814453125,0.0269927978515625,True,A,0.009557247161865234,medmcqa_2
2b631c98-d704-4baa-9ceb-d823026c069a,Biochemistry,0.61376953125,0.378173828125,0.00676727294921875,0.001251220703125,False,B,0.009489774703979492,medmcqa_2
666e3d8e-a797-4594-80e3-0140e71a34dc,Biochemistry,0.99951171875,2.282857894897461e-05,2.390146255493164e-05,0.0002491474151611328,False,B,0.00971221923828125,medmcqa_2
5b7c9692-5d22-4747-bca6-48904d2f5d5b,Biochemistry,0.00015151500701904297,0.162353515625,4.178285598754883e-05,0.83740234375,False,B,0.00959157943725586,medmcqa_2
e766703f-5931-4581-b43d-ea4e7c664d85,Biochemistry,0.5830078125,0.05419921875,0.06536865234375,0.297607421875,True,A,0.009454488754272461,medmcqa_2
91a265d2-e19a-43af-83bf-cc8e8be55402,Biochemistry,1.0,1.5497207641601562e-06,2.682209014892578e-06,4.231929779052734e-06,True,A,0.009503602981567383,medmcqa_2
6c1c66c1-4bb4-437b-a56b-64ae72bc820e,Biochemistry,0.0018243789672851562,0.998046875,7.468461990356445e-05,5.245208740234375e-06,True,B,0.009328603744506836,medmcqa_2
62916be4-b903-4159-8130-e34fc3e7d127,Biochemistry,0.274658203125,0.2105712890625,0.51318359375,0.0019388198852539062,True,C,0.009607791900634766,medmcqa_2
7b99f77a-9045-40a2-a82c-3483bc22796d,Biochemistry,0.99951171875,4.291534423828125e-06,0.00030541419982910156,9.679794311523438e-05,True,A,0.00954580307006836,medmcqa_2
4c912613-b5dc-47f3-9a5b-77aa02e81864,Biochemistry,3.814697265625e-06,7.748603820800781e-07,1.0,1.5437602996826172e-05,True,C,0.009738445281982422,medmcqa_2
e7688428-52f8-4ee6-b0f1-533a73c4df2c,Biochemistry,0.9990234375,2.7298927307128906e-05,0.00016987323760986328,0.0008831024169921875,False,C,0.009556055068969727,medmcqa_2
c79a82f3-2ac8-4e6d-ab48-991032e2c21f,Biochemistry,1.0,2.980232238769531e-07,1.1324882507324219e-06,4.76837158203125e-07,True,A,0.009454965591430664,medmcqa_2
0da9266f-422e-49b5-8583-7aea40033132,Biochemistry,1.0,1.3709068298339844e-06,5.960464477539062e-07,6.556510925292969e-07,True,A,0.009288311004638672,medmcqa_2
c4c9828b-8e26-4094-824b-53c40bf29028,Forensic Medicine,0.00041174888610839844,0.97119140625,0.027984619140625,0.0004703998565673828,True,B,0.009537935256958008,medmcqa_2
6123cd94-5008-4932-9b4c-d89ab39ecaed,Forensic Medicine,0.00014650821685791016,1.0,1.4483928680419922e-05,2.5272369384765625e-05,False,C,0.009434938430786133,medmcqa_2
e712b8a4-bf0f-4f2b-8ab8-74ab9ff0b1b0,Forensic Medicine,5.91278076171875e-05,0.998046875,0.00164794921875,0.00010955333709716797,True,B,0.009667634963989258,medmcqa_2
e1ed6045-b3e6-4e50-ac69-3c320d519709,Forensic Medicine,0.05389404296875,0.44091796875,0.414306640625,0.09100341796875,False,D,0.009563207626342773,medmcqa_2
b3604a69-23b4-429b-8c91-8366d7cfb771,Forensic Medicine,0.0005974769592285156,0.99951171875,8.404254913330078e-06,1.531839370727539e-05,True,B,0.009450674057006836,medmcqa_2
4367987d-9354-400a-9e39-52c40eaecd02,Forensic Medicine,0.50439453125,0.349365234375,0.0911865234375,0.05487060546875,True,A,0.009531259536743164,medmcqa_2
aa7f2ba5-c14b-4991-aa6c-dfadf7c963ce,Forensic Medicine,0.10333251953125,0.892578125,0.0030727386474609375,0.00090789794921875,True,B,0.009464025497436523,medmcqa_2
ea9df377-8ee2-443a-a2bb-01f879ab988c,Forensic Medicine,0.1876220703125,0.68115234375,0.11651611328125,0.0148162841796875,False,C,0.009501457214355469,medmcqa_2
2f8e3c35-c65e-4635-93cd-45eb88365ad2,Forensic Medicine,0.99609375,0.00010275840759277344,5.048513412475586e-05,0.0035648345947265625,True,A,0.009688854217529297,medmcqa_2
4f9c1f5a-4bf1-4348-868a-4e46625d64c0,Forensic Medicine,0.818359375,0.0034236907958984375,0.0726318359375,0.10565185546875,True,A,0.00966644287109375,medmcqa_2
064b2f7d-628b-4981-a8c8-22ea05f8509d,Forensic Medicine,0.0024871826171875,1.5735626220703125e-05,0.0016574859619140625,0.99560546875,False,B,0.00966501235961914,medmcqa_2
a423f3df-db44-42a2-a0e1-a09aa92cf0c4,Forensic Medicine,0.95068359375,8.64267349243164e-06,0.047332763671875,0.0018787384033203125,False,D,0.009521484375,medmcqa_2
ac90a972-9027-4a25-af72-efd26ba5e1ac,Forensic Medicine,0.011962890625,6.079673767089844e-06,4.589557647705078e-05,0.98779296875,False,C,0.009545087814331055,medmcqa_2
80fc327a-def6-4abb-b1c5-03e6d8c4bb5b,Forensic Medicine,0.00036835670471191406,2.1755695343017578e-05,0.99951171875,2.562999725341797e-06,False,A,0.009519577026367188,medmcqa_2
4346b922-b3f5-4970-96d3-ee10740e7be0,Forensic Medicine,5.2928924560546875e-05,0.98974609375,0.0001112222671508789,0.010009765625,True,B,0.009474754333496094,medmcqa_2
c270b4b9-c394-4154-b0dc-bcc7254eeda5,Forensic Medicine,1.0,1.3113021850585938e-06,5.364418029785156e-07,1.0728836059570312e-06,True,A,0.009318828582763672,medmcqa_2
5bb6ed07-ab52-45ce-9c93-3e38cc69d59d,Forensic Medicine,0.10791015625,0.01494598388671875,0.001689910888671875,0.87548828125,False,A,0.009321212768554688,medmcqa_2
eef6ff2d-0a2d-41fd-b894-64f3d434ea21,Forensic Medicine,1.0,3.510713577270508e-05,1.6093254089355469e-06,2.8014183044433594e-06,True,A,0.009304046630859375,medmcqa_2
049c1f33-45c3-4494-b817-e485cbb66f2b,Forensic Medicine,0.88916015625,0.06292724609375,0.0027866363525390625,0.04498291015625,False,D,0.009402751922607422,medmcqa_2
f88fcb90-0b81-406c-ab22-161d572e77f9,Forensic Medicine,0.0008378028869628906,0.0003719329833984375,0.005214691162109375,0.99365234375,True,D,0.009554386138916016,medmcqa_2
1c3d51e1-abbf-41dc-85a9-dac0a0e13991,ENT,1.0,8.344650268554688e-07,1.5497207641601562e-06,8.344650268554688e-07,True,A,0.009487390518188477,medmcqa_2
f7a78987-91d4-43f6-8213-055eae5d252a,ENT,0.0103759765625,0.0009431838989257812,0.7685546875,0.22021484375,True,C,0.009715080261230469,medmcqa_2
5ba59a08-9d7e-4d42-b121-36c59ee1a9c5,ENT,0.287353515625,0.71142578125,0.00019621849060058594,0.0011835098266601562,True,B,0.009718179702758789,medmcqa_2
5296809b-6bd9-4734-802f-9fe7a7def3ba,ENT,0.76806640625,0.0141754150390625,0.004425048828125,0.2132568359375,False,B,0.009560585021972656,medmcqa_2
e084cba4-4467-4a69-8e7e-1fd25e43b770,ENT,0.8974609375,0.0004773139953613281,0.07305908203125,0.0290679931640625,False,B,0.009567975997924805,medmcqa_2
068d3df0-96a3-459f-9088-675d9c571797,ENT,0.018218994140625,0.0001614093780517578,0.97900390625,0.0023899078369140625,False,B,0.009564638137817383,medmcqa_2
dd88479d-12d2-419e-9d78-1175aaafe823,ENT,0.99951171875,0.0002913475036621094,9.912252426147461e-05,8.088350296020508e-05,False,C,0.009836673736572266,medmcqa_2
e9bfb43e-153f-49e9-ba8f-efe4c3d0c73b,ENT,0.483642578125,0.5146484375,0.0011892318725585938,0.0004584789276123047,False,A,0.009541511535644531,medmcqa_2
89ce721c-26eb-45b7-b67b-657a9fa7a7f2,ENT,0.93017578125,0.06280517578125,0.002552032470703125,0.00447845458984375,True,A,0.009676694869995117,medmcqa_2
aa2981ea-d0f9-4563-b256-6cc9e5906068,ENT,0.95703125,0.0018186569213867188,0.015716552734375,0.0253143310546875,False,D,0.00954437255859375,medmcqa_2
2472e6ce-ac74-40b1-a1b3-c7f891eef594,ENT,0.00016999244689941406,0.99951171875,6.794929504394531e-06,0.00013554096221923828,True,B,0.010269641876220703,medmcqa_2
7cd2c119-48dc-4053-9348-34802c2ea968,ENT,0.9990234375,2.0265579223632812e-06,4.5299530029296875e-06,0.0009398460388183594,True,A,0.010010242462158203,medmcqa_2
8a0f5301-1967-4d39-be79-d4b2c52360b1,ENT,0.6884765625,0.2342529296875,0.054779052734375,0.022308349609375,True,A,0.00955343246459961,medmcqa_2
c4212171-d57d-4e02-ba52-0e9d1d286ab3,ENT,0.96337890625,0.03619384765625,0.00010991096496582031,0.0005083084106445312,False,B,0.009650468826293945,medmcqa_2
c23425ee-427c-4d5c-a7b5-b2a00d1f19fe,ENT,0.36572265625,0.6318359375,0.0004892349243164062,0.001949310302734375,False,A,0.00963139533996582,medmcqa_2
050f58cc-1d07-476b-98fd-1afcd7ff4dcc,ENT,0.2005615234375,0.00015401840209960938,0.00629425048828125,0.79296875,False,A,0.009587287902832031,medmcqa_2
8f855e88-dab4-496a-a43e-16a8ab963bbe,ENT,0.01715087890625,0.0044403076171875,0.26611328125,0.71240234375,False,C,0.009550809860229492,medmcqa_2
361ac9e6-7fe0-4b6e-9351-3f62528b5103,ENT,0.66162109375,0.26318359375,0.0665283203125,0.00879669189453125,True,A,0.009470462799072266,medmcqa_2
3d307b6f-5295-4e4a-a1ba-24ca99d07c82,ENT,0.83544921875,0.0021190643310546875,0.0229644775390625,0.1396484375,False,C,0.009644031524658203,medmcqa_2
2f667118-33c4-477d-901d-85d30d26c518,ENT,0.0004429817199707031,2.276897430419922e-05,0.99658203125,0.0028209686279296875,False,B,0.00975942611694336,medmcqa_2
2eb6a133-b3b1-40b2-ad7a-c7b33a327e88,Pediatrics,0.0002799034118652344,2.9742717742919922e-05,0.99853515625,0.0012350082397460938,True,C,0.009387493133544922,medmcqa_2
4254f21f-abde-4e24-8aa9-147ed57a8db9,Pediatrics,0.759765625,0.202880859375,0.0259857177734375,0.01153564453125,True,A,0.009284257888793945,medmcqa_2
7b40aac9-8cdd-4513-aafb-b43fe2274e8d,Pediatrics,4.166364669799805e-05,0.000148773193359375,0.99951171875,0.0003325939178466797,False,D,0.009425878524780273,medmcqa_2
666a6215-9e90-4a2e-aca8-e66c9f71e704,Pediatrics,0.00019562244415283203,9.894371032714844e-06,1.0,1.8894672393798828e-05,True,C,0.00957345962524414,medmcqa_2
f25eaf57-123a-410c-a34e-cb320680e208,Pediatrics,0.0004801750183105469,0.9990234375,0.00013971328735351562,0.00015103816986083984,False,C,0.009730339050292969,medmcqa_2
1f3710fa-5a8d-4e28-aa57-af30ff87cf9b,Pediatrics,0.0001571178436279297,0.99951171875,0.0001131892204284668,0.00017261505126953125,True,B,0.009554624557495117,medmcqa_2
a9de9b7b-812b-4e53-94ad-7fa901d84119,Pediatrics,0.00885009765625,1.627206802368164e-05,3.9696693420410156e-05,0.9912109375,True,D,0.009543657302856445,medmcqa_2
62ad7d30-2032-414f-b6ce-af7b4ec40bb8,Pediatrics,0.2421875,0.7578125,6.842613220214844e-05,9.715557098388672e-06,True,B,0.009496927261352539,medmcqa_2
185bb055-499c-435c-a2d3-f325f61bd110,Pediatrics,9.655952453613281e-06,3.2782554626464844e-06,1.0,2.205371856689453e-06,True,C,0.009865760803222656,medmcqa_2
76845e44-1408-4ca1-8a06-689a741df540,Pediatrics,0.00034499168395996094,0.9287109375,0.00022971630096435547,0.07049560546875,False,D,0.010012149810791016,medmcqa_2
ef02820f-9d3b-4d0f-971e-804131eab03e,Pediatrics,0.97705078125,0.000579833984375,0.02142333984375,0.0009560585021972656,True,A,0.009907245635986328,medmcqa_2
b92bc7a0-05f1-4e5d-8ce3-ed05d5731881,Pediatrics,0.994140625,0.0006375312805175781,0.001949310302734375,0.00350189208984375,False,B,0.010184049606323242,medmcqa_2
c9ed49a3-a6a1-4b0a-a9c6-817ec562ac34,Pediatrics,0.37841796875,0.37841796875,0.08056640625,0.1627197265625,True,A,0.009849786758422852,medmcqa_2
a6f02aff-06ae-427a-b7d2-75341d2124c3,Pediatrics,0.447265625,0.004119873046875,0.00038933753967285156,0.54833984375,False,A,0.009599924087524414,medmcqa_2
df05e6a5-ff13-42a3-aef6-6443b39419ae,Pediatrics,0.99560546875,0.00011813640594482422,0.0002541542053222656,0.00397491455078125,True,A,0.009623289108276367,medmcqa_2
2701245a-c30b-424f-aeac-d175deb63f7e,Pediatrics,0.9560546875,0.043365478515625,0.0001575946807861328,0.00019919872283935547,False,B,0.00967717170715332,medmcqa_2
a537d12a-ef20-48b3-8fb5-9219cdb49a38,Pediatrics,1.0,0.000148773193359375,2.568960189819336e-05,2.1278858184814453e-05,False,B,0.009570598602294922,medmcqa_2
5b65ae21-050e-427d-b0e2-460948e9a99f,Pediatrics,0.005771636962890625,0.99365234375,0.00013053417205810547,0.00027632713317871094,False,C,0.009510517120361328,medmcqa_2
be933adc-1c1a-4898-9057-3f88155639bb,Pediatrics,0.0011205673217773438,0.9951171875,0.00347900390625,5.942583084106445e-05,True,B,0.009568929672241211,medmcqa_2
4fe7bb9e-e203-4cc9-ad1d-58063c6c31a9,Pediatrics,0.78759765625,0.2054443359375,0.0032958984375,0.0034275054931640625,False,B,0.009682893753051758,medmcqa_2
ded8fe10-6d10-4a5a-a19e-354c3c28723b,Psychiatry,0.0002529621124267578,0.99951171875,1.2040138244628906e-05,0.000362396240234375,True,B,0.009505033493041992,medmcqa_2
9db3f518-c437-4fef-9238-1c4556b4f53c,Psychiatry,0.0020656585693359375,0.99755859375,9.971857070922852e-05,0.00023543834686279297,True,B,0.009545326232910156,medmcqa_2
0ac80358-51f1-4da6-936a-2b03fd891048,Psychiatry,2.2649765014648438e-06,6.556510925292969e-07,7.68899917602539e-06,1.0,True,D,0.009466886520385742,medmcqa_2
a271f22e-fb6c-4b79-8329-05dffa0bbf7b,Psychiatry,0.99853515625,2.682209014892578e-06,3.159046173095703e-06,0.00127410888671875,True,A,0.009588241577148438,medmcqa_2
6a75cf94-5590-4dd2-8827-dc13a5e67687,Psychiatry,0.00531005859375,0.98095703125,0.0007243156433105469,0.01314544677734375,True,B,0.009623050689697266,medmcqa_2
24134333-738b-45b1-bee1-acd3d173349b,Psychiatry,0.62255859375,0.200439453125,0.048736572265625,0.12841796875,False,B,0.009577512741088867,medmcqa_2
6aba1a8c-6c86-441c-aee4-851a2ae13cc4,Psychiatry,0.0003101825714111328,0.99951171875,2.8014183044433594e-06,5.185604095458984e-06,True,B,0.009735584259033203,medmcqa_2
2a9c966b-2541-40a2-b92f-45b71d44fd8f,Psychiatry,0.11468505859375,0.00039768218994140625,0.85400390625,0.0308685302734375,True,C,0.00959467887878418,medmcqa_2
c2c522e9-595e-4327-a763-7eb93c7fcb88,Psychiatry,0.0863037109375,6.890296936035156e-05,0.00043892860412597656,0.9130859375,True,D,0.013079643249511719,medmcqa_2
0436527a-1f4e-4c7a-b3bd-46ccb78a2622,Psychiatry,0.23193359375,0.56103515625,0.08209228515625,0.1251220703125,False,C,0.010022163391113281,medmcqa_2
daf07b41-4081-4250-a888-595f79ccdab6,Psychiatry,0.79833984375,0.042633056640625,0.002040863037109375,0.1572265625,False,D,0.009871482849121094,medmcqa_2
a4e3bf54-2356-4705-9594-950aeb98d4be,Psychiatry,0.9892578125,0.0035400390625,0.006664276123046875,0.00046443939208984375,False,D,0.009384393692016602,medmcqa_2
cadabadf-7567-4b81-a5be-91d5db5e0174,Psychiatry,1.0,2.980232238769531e-07,3.5762786865234375e-07,4.76837158203125e-07,True,A,0.009650468826293945,medmcqa_2
f7833819-ac58-48fd-bbe3-325162400d11,Psychiatry,1.0,4.172325134277344e-07,1.430511474609375e-06,2.9206275939941406e-06,True,A,0.009679794311523438,medmcqa_2
6d7e8261-c45f-4f06-9b88-76476d11677b,Psychiatry,4.470348358154297e-06,7.152557373046875e-07,1.7344951629638672e-05,1.0,True,D,0.009594917297363281,medmcqa_2
fc1f8c2a-7272-4a36-b20d-870a3d22a060,Psychiatry,8.52346420288086e-06,1.0,1.9073486328125e-05,8.64267349243164e-06,True,B,0.009550333023071289,medmcqa_2
321c3077-4d76-47fa-9932-9aaeb3109a35,Psychiatry,3.534555435180664e-05,0.99951171875,2.372264862060547e-05,0.0004801750183105469,True,B,0.009498119354248047,medmcqa_2
29c13237-5c17-4fd1-9452-4627cf137ade,Psychiatry,4.363059997558594e-05,6.020069122314453e-06,3.790855407714844e-05,1.0,False,A,0.00936269760131836,medmcqa_2
bbebb8ed-6707-45a6-97de-4275969da3ba,Psychiatry,0.003528594970703125,0.8701171875,0.1234130859375,0.002857208251953125,False,D,0.009313583374023438,medmcqa_2
7daf7cae-bece-4d8f-a1b4-2321f5cef7f1,Psychiatry,1.0,3.5762786865234375e-07,1.6450881958007812e-05,2.4437904357910156e-06,True,A,0.009325981140136719,medmcqa_2
d3242b5e-a3d3-42ee-b5d2-67f69e46d625,Anaesthesia,0.5927734375,0.348388671875,0.022979736328125,0.035888671875,False,B,0.009495973587036133,medmcqa_2
0e04907d-d1e0-4092-8ade-3439be72f0ca,Anaesthesia,0.0125274658203125,0.7001953125,0.0849609375,0.2022705078125,False,D,0.00960087776184082,medmcqa_2
63f008b9-4613-4fd3-92b0-1220d771c026,Anaesthesia,0.284423828125,2.008676528930664e-05,0.71533203125,0.00022017955780029297,False,A,0.00962972640991211,medmcqa_2
f0251eb0-f3b6-4281-98c4-8494811a913d,Anaesthesia,0.97509765625,0.01296234130859375,0.004657745361328125,0.0072174072265625,False,B,0.009656906127929688,medmcqa_2
ca1a626d-8b9c-4061-aae9-93e40bb1f97b,Anaesthesia,0.236083984375,0.0004627704620361328,0.646484375,0.1168212890625,False,A,0.009616613388061523,medmcqa_2
7c1db26f-e677-442a-95f1-f872ded8cfc4,Anaesthesia,1.0,0.00020182132720947266,1.1146068572998047e-05,8.225440979003906e-06,False,B,0.009383440017700195,medmcqa_2
dea51d02-67d6-408b-be23-8d806ec78037,Anaesthesia,0.56005859375,0.397216796875,0.033905029296875,0.0087738037109375,False,D,0.009684324264526367,medmcqa_2
a1c3500d-24b4-44c2-b7d5-4286e2db7690,Anaesthesia,0.9443359375,0.0294342041015625,0.0249786376953125,0.0010232925415039062,False,D,0.009723186492919922,medmcqa_2
9bb3f0f5-613a-4dd6-8597-dfa0db03d80b,Anaesthesia,0.058074951171875,0.486328125,0.390869140625,0.0648193359375,True,B,0.009682655334472656,medmcqa_2
862e099c-f68e-4e29-84cf-851aadec5815,Anaesthesia,0.0018186569213867188,0.408447265625,0.245849609375,0.343994140625,True,B,0.009502649307250977,medmcqa_2
8048c166-147d-42e6-b703-a2bca1792441,Anaesthesia,0.00037384033203125,6.198883056640625e-05,0.9990234375,0.0004405975341796875,True,C,0.00990915298461914,medmcqa_2
3505743c-c42f-4bba-a8c1-14f85c10ea27,Anaesthesia,0.998046875,0.000518798828125,0.0005350112915039062,0.0008549690246582031,True,A,0.00993490219116211,medmcqa_2
516e4cb5-71df-4342-80b1-339e9c79f0f1,Anaesthesia,0.8623046875,0.059600830078125,0.07305908203125,0.005008697509765625,False,B,0.009505748748779297,medmcqa_2
e9c01c78-667b-46a7-be31-449a6024d8e4,Anaesthesia,0.9609375,0.02313232421875,0.0038356781005859375,0.01200103759765625,True,A,0.009642362594604492,medmcqa_2
76def6df-cba6-45b1-a07b-f55d402afdcf,Anaesthesia,0.93798828125,0.0567626953125,0.005405426025390625,3.612041473388672e-05,False,B,0.00932765007019043,medmcqa_2
5a099680-e853-4b92-9d5c-de8c86f55891,Anaesthesia,0.0024280548095703125,0.98681640625,0.00457000732421875,0.006008148193359375,True,B,0.009510993957519531,medmcqa_2
0254dab7-83b0-403d-b5aa-c61080cb9c3f,Anaesthesia,0.82861328125,0.1251220703125,0.0390625,0.0070037841796875,False,C,0.009457111358642578,medmcqa_2
383a259b-7fd7-4a36-8222-3001caf9d33e,Anaesthesia,2.8014183044433594e-06,5.364418029785156e-07,0.0863037109375,0.91357421875,True,D,0.009775638580322266,medmcqa_2
1ddec4c6-8c9d-45d7-a3af-f2fc450af3d4,Anaesthesia,0.0005059242248535156,2.2232532501220703e-05,0.91455078125,0.0850830078125,False,A,0.009611129760742188,medmcqa_2
c1c1566d-1c98-4bd7-b36d-273e6128fb5e,Anaesthesia,0.05279541015625,0.90673828125,0.0164794921875,0.0237884521484375,False,A,0.009542465209960938,medmcqa_2
4c1c06f0-5c40-4cb7-96a4-3c9348a18827,Radiology,0.08587646484375,0.2371826171875,0.546875,0.1298828125,False,D,0.009455680847167969,medmcqa_2
231dec4b-331e-47dc-8f2c-c0677e6504cb,Radiology,0.99365234375,6.824731826782227e-05,0.0004925727844238281,0.006000518798828125,True,A,0.009635210037231445,medmcqa_2
215ef80e-13e1-4980-aefa-77b0e8bc1d8f,Radiology,0.99365234375,0.00018405914306640625,0.006290435791015625,2.6226043701171875e-06,False,C,0.009695768356323242,medmcqa_2
f14adf62-276b-4af5-9072-838d89ca3c5a,Radiology,0.009765625,0.98046875,0.0007185935974121094,0.00910186767578125,False,A,0.009407997131347656,medmcqa_2
5873db31-ca20-4988-906b-535fd534c33d,Radiology,0.01202392578125,0.00010818243026733398,0.002330780029296875,0.9853515625,True,D,0.009643077850341797,medmcqa_2
2ed0d768-a240-4e06-b4b7-653a2ca3991f,Radiology,0.00858306884765625,0.556640625,0.03369140625,0.40087890625,False,D,0.009549617767333984,medmcqa_2
78009746-5631-4198-8213-35c2bd6537cf,Radiology,9.655952453613281e-06,1.0,9.459257125854492e-05,0.00013339519500732422,True,B,0.009295463562011719,medmcqa_2
784ff25b-ddde-4583-8426-03bfae6bdf18,Radiology,1.0,2.384185791015625e-07,8.612871170043945e-05,1.2516975402832031e-06,True,A,0.009705781936645508,medmcqa_2
04a017ae-dc2a-4e0c-809d-cfed5040a14b,Radiology,0.1676025390625,0.0038204193115234375,0.0035343170166015625,0.8251953125,True,D,0.009293317794799805,medmcqa_2
0c7e9236-4604-4f0c-ab99-9efae3c6cb43,Radiology,0.9970703125,1.6093254089355469e-06,0.0006918907165527344,0.002147674560546875,True,A,0.009547233581542969,medmcqa_2
282c9c00-d03d-44b9-9274-76050821f574,Radiology,0.0008039474487304688,6.556510925292969e-06,2.9087066650390625e-05,0.9990234375,False,A,0.009626388549804688,medmcqa_2
7567b6be-0479-482f-84c6-0b074c544042,Radiology,0.001407623291015625,3.874301910400391e-06,0.0016336441040039062,0.9970703125,False,C,0.009487390518188477,medmcqa_2
0895e383-2f66-47b0-9aa5-17dce8dc7977,Radiology,3.612041473388672e-05,2.205371856689453e-06,0.99853515625,0.00130462646484375,True,C,0.0095062255859375,medmcqa_2
ef20f963-ba14-473e-9cac-a80feebc29b0,Radiology,0.01363372802734375,0.986328125,1.728534698486328e-05,5.424022674560547e-06,False,A,0.009273052215576172,medmcqa_2
aabb948e-d51a-4692-8763-5b1f1d0b9fb0,Radiology,0.8310546875,0.0023708343505859375,0.0198516845703125,0.146728515625,False,D,0.009550333023071289,medmcqa_2
5d6d8ec0-d8e4-4417-9dab-f2ac9a05f5df,Radiology,0.78271484375,0.0006761550903320312,0.038970947265625,0.177490234375,False,D,0.009578943252563477,medmcqa_2
2875ce53-12b3-49e2-9a26-981d3540b0d0,Radiology,0.007343292236328125,0.0007562637329101562,0.984375,0.00728607177734375,True,C,0.009619712829589844,medmcqa_2
9f5a9d3e-086e-4471-b68d-bc839a3abb9a,Radiology,0.99853515625,0.0012836456298828125,6.097555160522461e-05,0.00032448768615722656,True,A,0.009465456008911133,medmcqa_2
759f33da-9680-412b-8ff7-35c2f571ff57,Radiology,0.54638671875,0.0157470703125,0.381591796875,0.0562744140625,True,A,0.009644031524658203,medmcqa_2
3d881fde-4a5a-4515-ab42-5ac796910ca9,Radiology,0.0022487640380859375,0.77001953125,0.2276611328125,0.00011461973190307617,True,B,0.009298563003540039,medmcqa_2
4760fa4b-8c88-4427-8cfc-b8b0df41b9f2,Skin,0.80029296875,7.933378219604492e-05,0.19921875,0.00043582916259765625,True,A,0.009860515594482422,medmcqa_2
bfbabf13-c697-45a2-918c-43d6d82c5824,Skin,0.00010150671005249023,1.0,2.205371856689453e-06,3.0994415283203125e-06,True,B,0.009572982788085938,medmcqa_2
eae532f5-8db4-4bea-ae20-7977fabc8695,Skin,0.58740234375,0.0006985664367675781,0.0015869140625,0.41015625,False,D,0.009640693664550781,medmcqa_2
1194e643-82ea-429e-9f86-537186400854,Skin,1.0,3.2961368560791016e-05,4.982948303222656e-05,0.00011408329010009766,True,A,0.009526252746582031,medmcqa_2
27bdd958-059e-42b0-bb3c-8cadb63df136,Skin,0.011260986328125,0.93017578125,0.029205322265625,0.029205322265625,True,B,0.009511232376098633,medmcqa_2
1b4212fe-2ff3-46b5-93d2-964edf17a00e,Skin,1.0,9.5367431640625e-07,6.556510925292969e-07,2.086162567138672e-06,True,A,0.009671449661254883,medmcqa_2
73ea4809-8ee4-4590-bc18-5e101ee75278,Skin,0.0001825094223022461,1.1265277862548828e-05,0.9853515625,0.01461029052734375,False,B,0.009576797485351562,medmcqa_2
beb498e7-9b17-43c8-bbe8-a0db8114b6d3,Skin,0.0178070068359375,0.0004563331604003906,0.9794921875,0.0021419525146484375,False,A,0.009629487991333008,medmcqa_2
85650cf8-13aa-4d65-959e-2ce01b94aa38,Skin,0.449462890625,0.0004982948303222656,0.428955078125,0.1209716796875,False,C,0.009737730026245117,medmcqa_2
d5fba5b4-5f37-44d6-9461-e82ac0ffac07,Skin,0.99853515625,2.7418136596679688e-06,0.00133514404296875,3.0219554901123047e-05,True,A,0.00958871841430664,medmcqa_2
0874f967-55ab-470a-aa6c-357aec016a94,Skin,0.005100250244140625,0.8994140625,0.0001691579818725586,0.09552001953125,True,B,0.009566545486450195,medmcqa_2
1e9950f7-7946-4857-95a5-44a920ba9278,Skin,0.73681640625,0.1749267578125,0.04156494140625,0.046722412109375,False,B,0.009494781494140625,medmcqa_2
4ac94931-a767-4e87-948f-ed8af89ddb69,Skin,0.986328125,0.00010013580322265625,5.072355270385742e-05,0.01352691650390625,True,A,0.009669303894042969,medmcqa_2
413ebe85-1aca-40c2-a89f-8e6d69b883b9,Skin,0.8515625,6.616115570068359e-06,0.10174560546875,0.04656982421875,False,C,0.009272336959838867,medmcqa_2
2145e08c-16de-4f9a-a529-bcb462a0d798,Skin,1.0,2.7954578399658203e-05,3.516674041748047e-06,2.3245811462402344e-06,True,A,0.009442567825317383,medmcqa_2
9c591e39-e1b3-4494-a880-08244202f257,Skin,0.998046875,1.728534698486328e-05,0.00096893310546875,0.0008959770202636719,False,B,0.009554386138916016,medmcqa_2
b7309081-af5e-4aec-8326-7e839d3ae65d,Skin,0.12237548828125,0.00107574462890625,0.2098388671875,0.66650390625,False,C,0.00962519645690918,medmcqa_2
bccc559c-8386-47e3-8426-6972ecd5a496,Skin,0.041290283203125,0.0004661083221435547,0.93994140625,0.0181884765625,True,C,0.009489297866821289,medmcqa_2
2908d2c3-a759-4470-a87b-e5801a75bae5,Skin,0.94140625,0.057403564453125,0.00017440319061279297,0.0011463165283203125,False,B,0.009513378143310547,medmcqa_2
e9de1627-c8e4-4667-8090-71a17ca78c8c,Skin,0.11669921875,0.7607421875,0.0301971435546875,0.09228515625,True,B,0.009777545928955078,medmcqa_2
