id,subject,probA,probB,probC,probD,result,answer,time,split,sources,ids,similarity
7dddfcb4-e0a3-4d71-b95e-49241da2abd5,Microbiology,0.9375,0.041259765625,0.0172119140625,0.004608154296875,True,A,0.27536702156066895,medmcqa_5,"['PBMD', 'PBMD', 'PBMD', 'PBMD', 'STAT']","[468043370483870795, 468043370483901504, 468043370484029138, 468043370484121795, 468043370482839337]","[0.7998166084289551, 0.7755692005157471, 0.8142101168632507, 0.7959532737731934, 0.7946810126304626]"
081dedb5-37f1-482c-a416-599ac0ab619a,Microbiology,0.99609375,0.0035858154296875,0.000377655029296875,7.43865966796875e-05,True,A,0.3455524444580078,medmcqa_5,"['STAT', 'STAT', 'PBMD', 'PBMD', 'PBMD']","[468043370482852639, 468043370483073148, 468043370483728820, 468043370483871787, 468043370484126823]","[0.8638590574264526, 0.8037236928939819, 0.8177117109298706, 0.7757124900817871, 0.7791159749031067]"
326b16f4-3bd9-4656-9515-093e7d67ae21,Microbiology,0.03271484375,0.006439208984375,0.95703125,0.00390625,True,C,0.20125675201416016,medmcqa_5,"['STAT', 'STAT', 'STAT', 'STAT', 'STAT']","[468043370482524896, 468043370482511023, 468043370482506410, 468043370482807258, 468043370482860203]","[0.7684464454650879, 0.8098835349082947, 0.7981094121932983, 0.7697159051895142, 0.7845700979232788]"
0009b2fd-7e72-4ed0-b486-92ccb24e43f3,Microbiology,0.85546875,0.048095703125,0.07958984375,0.018798828125,True,A,0.28954172134399414,medmcqa_5,"['STAT', 'TEXT', 'STAT', 'PBMD', 'PBMD']","[468043370482908504, 468043370482424318, 468043370482542924, 468043370483192573, 468043370483201628]","[0.784385085105896, 0.7709850072860718, 0.7747520804405212, 0.7812057137489319, 0.7775730490684509]"
a06fc39f-e910-48cc-990f-fd3b93ede264,Microbiology,0.322265625,0.53125,0.0595703125,0.0869140625,True,B,0.27899599075317383,medmcqa_5,"['TEXT', 'PBMD', 'STAT', 'STAT', 'PBMD']","[468043370482380579, 468043370484004414, 468043370482852108, 468043370482817971, 468043370483569110]","[0.7243093848228455, 0.7663688659667969, 0.7388359904289246, 0.7270764708518982, 0.7571924924850464]"
7d01f5ce-d737-4838-bf15-68a4dea15b1a,Microbiology,0.0023193359375,0.99609375,0.00124359130859375,0.00012302398681640625,True,B,0.2065284252166748,medmcqa_5,"['TEXT', 'TEXT', 'PBMD', 'PBMD', 'STAT']","[468043370482417781, 468043370482417779, 468043370483103440, 468043370483756346, 468043370483067888]","[0.7562507390975952, 0.7298349738121033, 0.7720988988876343, 0.7612252235412598, 0.7301186919212341]"
58e40694-1799-476f-8618-af488bda8892,Microbiology,0.9375,0.0283203125,0.030029296875,0.00555419921875,True,A,0.2545015811920166,medmcqa_5,"['PBMD', 'PBMD', 'TEXT', 'TEXT', 'TEXT']","[468043370483317643, 468043370483414925, 468043370482462352, 468043370482414844, 468043370482414846]","[0.8119708299636841, 0.7985464930534363, 0.7575578093528748, 0.7932206988334656, 0.7514895796775818]"
1bb2cc45-79b6-45f8-add8-e6832e5090f0,Microbiology,0.055419921875,0.04052734375,0.8671875,0.035888671875,False,B,0.34801673889160156,medmcqa_5,"['PBMD', 'PBMD', 'TEXT', 'PBMD', 'PBMD']","[468043370483747232, 468043370484016894, 468043370482471432, 468043370484115067, 468043370483503337]","[0.7239888310432434, 0.7262675166130066, 0.6865609288215637, 0.7268931865692139, 0.7253662347793579]"
a432db53-67f5-4865-af52-18edf81d1225,Microbiology,0.11474609375,0.453125,0.2431640625,0.189453125,False,A,0.40587639808654785,medmcqa_5,"['TEXT', 'PBMD', 'PBMD', 'PBMD', 'TEXT']","[468043370482417211, 468043370484037701, 468043370484013765, 468043370483429656, 468043370482481767]","[0.7561764717102051, 0.7789424657821655, 0.7776220440864563, 0.7823573350906372, 0.7600129842758179]"
87311a9e-97ac-43de-8964-55eb7ced00a9,Microbiology,0.0849609375,0.8046875,0.09619140625,0.01385498046875,True,B,0.3027346134185791,medmcqa_5,"['STAT', 'PBMD', 'PBMD', 'TEXT', 'PBMD']","[468043370483060069, 468043370483130121, 468043370483984450, 468043370482399007, 468043370483130120]","[0.7059884667396545, 0.7572861909866333, 0.775170087814331, 0.7362556457519531, 0.7521166801452637]"
f23569ea-da84-4e74-aa14-69c64f04424d,Microbiology,0.498046875,0.1259765625,0.265625,0.11083984375,False,D,0.2666504383087158,medmcqa_5,"['PBMD', 'TEXT', 'PBMD', 'PBMD', 'TEXT']","[468043370483096243, 468043370482413596, 468043370483802547, 468043370483637751, 468043370482374261]","[0.7682682871818542, 0.7462688684463501, 0.7871209383010864, 0.7735124230384827, 0.720367431640625]"
3d3896ce-b736-4e9a-bb7e-cb4608cdd29a,Microbiology,0.005157470703125,0.0054931640625,0.0054931640625,0.984375,True,D,0.34850263595581055,medmcqa_5,"['TEXT', 'PBMD', 'TEXT', 'PBMD', 'PBMD']","[468043370482397329, 468043370483116746, 468043370482415747, 468043370484064972, 468043370483263468]","[0.7317761778831482, 0.7796136736869812, 0.7418352365493774, 0.7636911869049072, 0.7599072456359863]"
df8ae3bc-aef6-48d0-8033-d715cfe36b3d,Microbiology,0.3203125,0.1513671875,0.46484375,0.06298828125,False,B,0.41981053352355957,medmcqa_5,"['TEXT', 'TEXT', 'PBMD', 'STAT', 'TEXT']","[468043370482411794, 468043370482416439, 468043370483645665, 468043370483045083, 468043370482416449]","[0.7535085082054138, 0.7901439666748047, 0.771128237247467, 0.7408650517463684, 0.7940999865531921]"
e068fa99-4331-4dbd-b6f8-ae387f5bae10,Microbiology,0.0242919921875,0.00121307373046875,0.00165557861328125,0.97265625,True,D,0.19747138023376465,medmcqa_5,"['TEXT', 'STAT', 'TEXT', 'TEXT', 'STAT']","[468043370482463308, 468043370483038447, 468043370482412771, 468043370482443200, 468043370482844290]","[0.7208055257797241, 0.7714310884475708, 0.7654352784156799, 0.7279970049858093, 0.7787994146347046]"
83c13124-708b-4671-bdf6-bdc2c9904ac7,Microbiology,0.88671875,0.05322265625,0.05322265625,0.0059814453125,True,A,0.20690131187438965,medmcqa_5,"['TEXT', 'STAT', 'STAT', 'STAT', 'TEXT']","[468043370482431440, 468043370483034750, 468043370482849322, 468043370482962360, 468043370482430515]","[0.7694786787033081, 0.7651705741882324, 0.705987811088562, 0.7268067598342896, 0.7336893081665039]"
a6abadc2-5c2e-4dce-9cfa-1464b3be8c8d,Microbiology,0.126953125,0.1630859375,0.5,0.208984375,False,A,0.2505321502685547,medmcqa_5,"['TEXT', 'TEXT', 'PBMD', 'PBMD', 'PBMD']","[468043370482416985, 468043370482414845, 468043370483107579, 468043370484043763, 468043370483248054]","[0.7304819822311401, 0.7279388308525085, 0.7414661645889282, 0.7475053668022156, 0.7461745738983154]"
97a84ea2-f289-4103-a306-a1cb3526c24e,Microbiology,0.03271484375,0.00775146484375,0.00469970703125,0.953125,True,D,0.27480292320251465,medmcqa_5,"['TEXT', 'STAT', 'TEXT', 'TEXT', 'PBMD']","[468043370482413090, 468043370483055992, 468043370482410894, 468043370482458185, 468043370483900211]","[0.7658807635307312, 0.7567355036735535, 0.7883788347244263, 0.7556259632110596, 0.801866888999939]"
03b86472-e565-4e69-bd54-d84383824de1,Microbiology,0.7578125,0.19140625,0.04833984375,0.0019989013671875,True,A,0.3497915267944336,medmcqa_5,"['PBMD', 'PBMD', 'PBMD', 'PBMD', 'PBMD']","[468043370483442637, 468043370484086712, 468043370483947184, 468043370483446312, 468043370483964083]","[0.7662805318832397, 0.7446866631507874, 0.7443861365318298, 0.7642530202865601, 0.7424539923667908]"
9a5e8865-e37c-41af-a902-1c10423dbdd4,Microbiology,0.265625,0.72265625,0.005859375,0.007080078125,True,B,0.27723145484924316,medmcqa_5,"['STAT', 'TEXT', 'TEXT', 'STAT', 'TEXT']","[468043370482848270, 468043370482443204, 468043370482412778, 468043370483011026, 468043370482462923]","[0.7541642785072327, 0.7635517120361328, 0.7610298991203308, 0.7921540141105652, 0.7791070342063904]"
be27a690-a4c2-41e8-bc61-70ccc70dcea5,Microbiology,0.087890625,0.271484375,0.57421875,0.068359375,True,C,0.540722131729126,medmcqa_5,"['PBMD', 'TEXT', 'STAT', 'PBMD', 'STAT']","[468043370483459661, 468043370482413077, 468043370482888764, 468043370484077459, 468043370482975676]","[0.788602352142334, 0.7351051568984985, 0.7177790403366089, 0.7747657299041748, 0.7262189388275146]"
e5b8bc30-3a2c-4d33-8b63-f01d20590f5e,Social & Preventive Medicine,0.3046875,0.345703125,0.126953125,0.22265625,False,D,0.5600054264068604,medmcqa_5,"['PBMD', 'PBMD', 'PBMD', 'PBMD', 'PBMD']","[468043370483531005, 468043370483732580, 468043370483590442, 468043370483531006, 468043370483222387]","[0.7858412861824036, 0.7813141345977783, 0.7820081114768982, 0.794371485710144, 0.7729055285453796]"
eff524ae-ed1d-4b56-815a-2b4aad9bcdcb,Social & Preventive Medicine,0.62109375,0.1083984375,0.138671875,0.130859375,True,A,0.3457036018371582,medmcqa_5,"['PBMD', 'PBMD', 'PBMD', 'TEXT', 'PBMD']","[468043370484061649, 468043370483745124, 468043370483559301, 468043370482411520, 468043370483817419]","[0.6895755529403687, 0.7166524529457092, 0.6835538148880005, 0.7053418159484863, 0.7008339166641235]"
189b5073-7b54-4050-a030-0a519558f18e,Social & Preventive Medicine,0.0021820068359375,0.99609375,0.000705718994140625,0.000965118408203125,False,D,0.2514066696166992,medmcqa_5,"['STAT', 'STAT', 'STAT', 'TEXT', 'STAT']","[468043370482989593, 468043370482859833, 468043370482989590, 468043370482417646, 468043370482776890]","[0.7739222049713135, 0.7451013326644897, 0.74200439453125, 0.7547696828842163, 0.7623858451843262]"
b771df48-ce3a-4e58-9dc8-54a42ee0e025,Social & Preventive Medicine,0.0400390625,0.035400390625,0.9140625,0.01220703125,True,C,0.24998807907104492,medmcqa_5,"['STAT', 'PBMD', 'TEXT', 'STAT', 'STAT']","[468043370483058139, 468043370483758347, 468043370482383022, 468043370482854511, 468043370482936272]","[0.7085040807723999, 0.7688770890235901, 0.6898877024650574, 0.705553412437439, 0.7010301351547241]"
66f9e092-4410-42f2-841c-588c65c9384c,Social & Preventive Medicine,0.01239013671875,0.0040283203125,0.984375,0.0010833740234375,True,C,0.19945859909057617,medmcqa_5,"['STAT', 'PBMD', 'TEXT', 'PBMD', 'STAT']","[468043370483026221, 468043370483277783, 468043370482433388, 468043370483599701, 468043370482945249]","[0.7247710824012756, 0.6925197839736938, 0.6914942860603333, 0.7076375484466553, 0.7574150562286377]"
2860cd26-5fec-445c-904e-67095651fd15,Social & Preventive Medicine,0.022216796875,0.9453125,0.01116943359375,0.0196533203125,True,B,0.24476361274719238,medmcqa_5,"['PBMD', 'PBMD', 'PBMD', 'PBMD', 'PBMD']","[468043370483323022, 468043370483475348, 468043370483575854, 468043370483357533, 468043370483294043]","[0.7199952602386475, 0.7025067210197449, 0.6852437257766724, 0.6842644810676575, 0.7079797387123108]"
a95f4998-4d5f-43c4-ba66-78e1a1cb8b57,Social & Preventive Medicine,0.93359375,0.041015625,0.007110595703125,0.0194091796875,True,A,0.20322895050048828,medmcqa_5,"['STAT', 'STAT', 'STAT', 'STAT', 'STAT']","[468043370483068671, 468043370482964909, 468043370482831148, 468043370482784407, 468043370482831101]","[0.652915894985199, 0.637212872505188, 0.6341838836669922, 0.6490130424499512, 0.6413230895996094]"
dc729d5e-47ad-4b7e-8b0c-8d5ea7c8f3f4,Social & Preventive Medicine,0.296875,0.140625,0.380859375,0.1806640625,True,C,0.4051549434661865,medmcqa_5,"['PBMD', 'STAT', 'STAT', 'TEXT', 'PBMD']","[468043370484092462, 468043370482923530, 468043370482907464, 468043370482478740, 468043370483805219]","[0.7282847166061401, 0.7189472913742065, 0.6984782218933105, 0.6846783757209778, 0.7275383472442627]"
fff1837f-cb64-4f0a-9832-6d611b8e9f28,Social & Preventive Medicine,0.00787353515625,0.0189208984375,0.96875,0.003082275390625,True,C,0.25166749954223633,medmcqa_5,"['STAT', 'PBMD', 'PBMD', 'TEXT', 'PBMD']","[468043370482980555, 468043370483685469, 468043370483547211, 468043370482400895, 468043370483700135]","[0.6998674273490906, 0.7481344938278198, 0.7875750064849854, 0.7141798734664917, 0.740070641040802]"
2902efec-b01a-417c-94b9-406e94662f27,Social & Preventive Medicine,0.3203125,0.11767578125,0.1513671875,0.41015625,False,A,0.5405125617980957,medmcqa_5,"['PBMD', 'STAT', 'PBMD', 'STAT', 'PBMD']","[468043370483829674, 468043370482778717, 468043370483107782, 468043370482966198, 468043370484118292]","[0.7890849113464355, 0.7779737114906311, 0.7755823731422424, 0.7432386875152588, 0.7798570394515991]"
ac1196e0-224c-4c6c-a6b8-2853a776ade6,Social & Preventive Medicine,0.03271484375,0.7421875,0.01129150390625,0.212890625,True,B,0.3455238342285156,medmcqa_5,"['PBMD', 'PBMD', 'PBMD', 'PBMD', 'PBMD']","[468043370483853333, 468043370484063045, 468043370483153121, 468043370483093194, 468043370483604975]","[0.7228107452392578, 0.7087485790252686, 0.7141688466072083, 0.7205191850662231, 0.7222380042076111]"
b8df6117-aaba-476a-b6b7-08ebee57de0e,Social & Preventive Medicine,0.052734375,0.87890625,0.01416015625,0.05615234375,True,B,0.3460848331451416,medmcqa_5,"['TEXT', 'PBMD', 'PBMD', 'TEXT', 'PBMD']","[468043370482448737, 468043370483757167, 468043370483516114, 468043370482494666, 468043370484084721]","[0.6395209431648254, 0.6762086749076843, 0.6689651608467102, 0.6445460915565491, 0.6782890558242798]"
f8c7a8c6-351b-4ffe-b108-dc3363837624,Social & Preventive Medicine,0.25,0.46875,0.08642578125,0.1953125,True,B,0.2774083614349365,medmcqa_5,"['PBMD', 'PBMD', 'PBMD', 'PBMD', 'PBMD']","[468043370483498802, 468043370483616024, 468043370483770997, 468043370484130233, 468043370483295189]","[0.771551251411438, 0.7780974507331848, 0.7819381952285767, 0.791839599609375, 0.7705899477005005]"
796e190d-09a8-4eef-98a4-26eecd5b7de7,Social & Preventive Medicine,0.25,0.6015625,0.1181640625,0.03173828125,True,B,0.4610738754272461,medmcqa_5,"['PBMD', 'PBMD', 'PBMD', 'PBMD', 'STAT']","[468043370484020698, 468043370483760504, 468043370483987208, 468043370483156229, 468043370482778623]","[0.748079240322113, 0.7432078123092651, 0.74945068359375, 0.7552382349967957, 0.73219895362854]"
764c0c80-b716-45a1-9fe7-b13588090401,Social & Preventive Medicine,0.0859375,0.07568359375,0.8125,0.0245361328125,True,C,0.2539839744567871,medmcqa_5,"['STAT', 'PBMD', 'PBMD', 'STAT', 'TEXT']","[468043370482913898, 468043370483392830, 468043370483532103, 468043370482529857, 468043370482374622]","[0.7051254510879517, 0.6660987138748169, 0.6804550290107727, 0.6990179419517517, 0.635462760925293]"
2cf2c4e4-e50a-494e-9894-50ed2d50df63,Social & Preventive Medicine,0.007080078125,0.00457763671875,0.98828125,0.0002574920654296875,True,C,0.2521233558654785,medmcqa_5,"['PBMD', 'TEXT', 'PBMD', 'TEXT', 'TEXT']","[468043370483456216, 468043370482382349, 468043370483693626, 468043370482383795, 468043370482425520]","[0.7834615111351013, 0.7711030840873718, 0.7892792224884033, 0.7602168321609497, 0.7552471160888672]"
99f70efa-2951-4dfb-ba1a-e4d9b7a0b08e,Social & Preventive Medicine,0.66015625,0.2138671875,0.083984375,0.042236328125,True,A,0.16324138641357422,medmcqa_5,"['TEXT', 'TEXT', 'PBMD', 'STAT', 'STAT']","[468043370482432370, 468043370482372950, 468043370483142158, 468043370482851743, 468043370483056565]","[0.6050364971160889, 0.613828182220459, 0.6315466165542603, 0.6211720108985901, 0.6211720108985901]"
23f03d9b-b4b5-4a84-b7a5-7dcd77b9ed63,Social & Preventive Medicine,0.15234375,0.6015625,0.220703125,0.0263671875,False,C,0.2773115634918213,medmcqa_5,"['STAT', 'STAT', 'STAT', 'STAT', 'STAT']","[468043370482522408, 468043370482522407, 468043370482522409, 468043370482522406, 468043370482502697]","[0.7499454021453857, 0.759681224822998, 0.7822086215019226, 0.7714216709136963, 0.7360597252845764]"
8cc404b2-cdb1-4bea-be17-2dcd2edb48d8,Social & Preventive Medicine,0.0027923583984375,0.00116729736328125,0.001495361328125,0.99609375,True,D,0.26185107231140137,medmcqa_5,"['STAT', 'STAT', 'TEXT', 'TEXT', 'TEXT']","[468043370482949782, 468043370482775719, 468043370482453930, 468043370482453929, 468043370482389153]","[0.8293318748474121, 0.7885216474533081, 0.8179994821548462, 0.8119872808456421, 0.7980973720550537]"
ce006581-8574-4698-a860-c156bca0c8be,Social & Preventive Medicine,0.1533203125,0.22265625,0.1533203125,0.470703125,False,B,0.3855011463165283,medmcqa_5,"['STAT', 'STAT', 'STAT', 'PBMD', 'STAT']","[468043370482502701, 468043370482965059, 468043370482965062, 468043370483806860, 468043370482502703]","[0.730852484703064, 0.7391930222511292, 0.7229683995246887, 0.7204287648200989, 0.7264414429664612]"
a8efab51-c555-4622-b1aa-b726cb28b8b3,Dental,0.52734375,0.3203125,0.1181640625,0.03173828125,True,A,0.22270417213439941,medmcqa_5,"['TEXT', 'TEXT', 'TEXT', 'TEXT', 'TEXT']","[468043370482467917, 468043370482467398, 468043370482423540, 468043370482471377, 468043370482372730]","[0.68230801820755, 0.68230801820755, 0.68230801820755, 0.6823079586029053, 0.6823079586029053]"
61e943fb-b106-4e28-9639-4d6a46cd53ee,Dental,0.123046875,0.1787109375,0.07470703125,0.625,False,C,0.2475907802581787,medmcqa_5,"['PBMD', 'PBMD', 'PBMD', 'PBMD', 'PBMD']","[468043370483547997, 468043370483731162, 468043370483215559, 468043370483235201, 468043370483230583]","[0.7717592716217041, 0.7791229486465454, 0.7542197108268738, 0.7480111718177795, 0.7691052556037903]"
7a660bba-aabd-448d-9d13-38ee7837c97f,Dental,0.111328125,0.1259765625,0.7265625,0.0361328125,True,C,0.2532691955566406,medmcqa_5,"['PBMD', 'STAT', 'STAT', 'PBMD', 'PBMD']","[468043370484056100, 468043370482771896, 468043370482771895, 468043370483864014, 468043370483853287]","[0.7980522513389587, 0.820248544216156, 0.8385626077651978, 0.7877545356750488, 0.7867605686187744]"
e3ff3b29-7ef6-41d9-bc6e-e3d6b52d340c,Dental,0.1171875,0.1708984375,0.462890625,0.248046875,False,D,0.2732224464416504,medmcqa_5,"['STAT', 'TEXT', 'STAT', 'STAT', 'STAT']","[468043370483027944, 468043370482394618, 468043370483035914, 468043370482792442, 468043370482541815]","[0.6842632293701172, 0.6620742082595825, 0.6998311281204224, 0.7027453780174255, 0.6692488193511963]"
70d4ab20-c407-4b78-a52f-cd38f5d86567,Dental,0.314453125,0.6640625,0.01214599609375,0.01007080078125,True,B,0.20511078834533691,medmcqa_5,"['STAT', 'STAT', 'PBMD', 'PBMD', 'STAT']","[468043370482870185, 468043370482870203, 468043370483865283, 468043370483826331, 468043370482771883]","[0.7489737868309021, 0.7367872595787048, 0.7653104066848755, 0.7685286998748779, 0.7638132572174072]"
1d7028cb-08b7-422e-8feb-26392e8f97dc,Dental,0.2314453125,0.1318359375,0.357421875,0.279296875,False,A,0.3214752674102783,medmcqa_5,"['STAT', 'STAT', 'STAT', 'STAT', 'TEXT']","[468043370482556580, 468043370483077465, 468043370482562035, 468043370483052910, 468043370482387476]","[0.6990674734115601, 0.7105576395988464, 0.6954292058944702, 0.6954275965690613, 0.6460787653923035]"
92cf238d-78b7-4a6b-afd8-efa39e19084b,Dental,0.130859375,0.01141357421875,0.006103515625,0.8515625,True,D,0.27318429946899414,medmcqa_5,"['PBMD', 'PBMD', 'PBMD', 'PBMD', 'PBMD']","[468043370483729184, 468043370484073723, 468043370483218223, 468043370483826866, 468043370483217030]","[0.7309518456459045, 0.7582069635391235, 0.7461297512054443, 0.7537497282028198, 0.7300533652305603]"
24a53b0f-d1b7-4ef8-8b9c-1d3b857aa413,Dental,0.259765625,0.55078125,0.130859375,0.05810546875,False,A,0.249863862991333,medmcqa_5,"['STAT', 'STAT', 'STAT', 'STAT', 'STAT']","[468043370482984985, 468043370482949199, 468043370482984979, 468043370482949197, 468043370482984972]","[0.7714154124259949, 0.7596427798271179, 0.7304367423057556, 0.7529746294021606, 0.7185544371604919]"
a3021fa5-54f3-4728-a443-9c639d0d4f75,Dental,0.234375,0.38671875,0.3203125,0.059326171875,False,A,0.5402994155883789,medmcqa_5,"['PBMD', 'PBMD', 'TEXT', 'PBMD', 'STAT']","[468043370483736103, 468043370483730027, 468043370482371791, 468043370483651942, 468043370482914919]","[0.7526914477348328, 0.7300024628639221, 0.6981983184814453, 0.7259477972984314, 0.6980452537536621]"
478d3388-e6a4-49a7-8c07-7b9f6f6c19b8,Dental,0.251953125,0.287109375,0.0439453125,0.416015625,True,D,0.38524389266967773,medmcqa_5,"['PBMD', 'PBMD', 'STAT', 'PBMD', 'PBMD']","[468043370483648941, 468043370483535891, 468043370482552621, 468043370483216871, 468043370483725083]","[0.7605082988739014, 0.7441115379333496, 0.685846209526062, 0.7229642271995544, 0.7430115342140198]"
6533b64b-cf1f-434d-98a4-7b9a6a5ded3b,Dental,0.2294921875,0.27734375,0.1787109375,0.314453125,False,C,0.37186574935913086,medmcqa_5,"['STAT', 'PBMD', 'STAT', 'STAT', 'STAT']","[468043370483007804, 468043370483230582, 468043370482509253, 468043370482877414, 468043370482952480]","[0.7460595965385437, 0.7521047592163086, 0.75350022315979, 0.7302175164222717, 0.7429787516593933]"
ec25740a-5cbb-4b80-9d07-332c2734f5a7,Dental,0.004058837890625,0.9921875,0.0029754638671875,0.000202178955078125,True,B,0.34752416610717773,medmcqa_5,"['PBMD', 'PBMD', 'PBMD', 'PBMD', 'PBMD']","[468043370484109130, 468043370483532103, 468043370483842091, 468043370483820280, 468043370483897956]","[0.7590870261192322, 0.7535333633422852, 0.7624080777168274, 0.7539975643157959, 0.7609474062919617]"
46549a4a-686b-42cb-81ad-037032ed32b7,Dental,0.0771484375,0.1123046875,0.6484375,0.1630859375,True,C,0.3391721248626709,medmcqa_5,"['PBMD', 'PBMD', 'PBMD', 'PBMD', 'PBMD']","[468043370483297715, 468043370483214031, 468043370483216778, 468043370483219719, 468043370484056060]","[0.7350654006004333, 0.717504620552063, 0.7167872786521912, 0.7347274422645569, 0.7226277589797974]"
b807b86e-b050-49cb-9d49-a57279ab77b2,Dental,0.0115966796875,0.004852294921875,0.984375,0.000545501708984375,True,C,0.27213454246520996,medmcqa_5,"['STAT', 'PBMD', 'PBMD', 'PBMD', 'PBMD']","[468043370482848227, 468043370483225536, 468043370483537547, 468043370483901584, 468043370484060734]","[0.7448709011077881, 0.7459121346473694, 0.765631914138794, 0.7634003758430481, 0.7698315978050232]"
dce755d7-6fd9-4ec6-b136-74ead349da24,Dental,0.283203125,0.25,0.1826171875,0.283203125,False,D,0.39414215087890625,medmcqa_5,"['PBMD', 'PBMD', 'PBMD', 'PBMD', 'TEXT']","[468043370483210796, 468043370483752369, 468043370484119740, 468043370483540094, 468043370482471377]","[0.7234697937965393, 0.6896367073059082, 0.6934561729431152, 0.6915727853775024, 0.6554097533226013]"
b6149b01-79a9-4d07-8cbc-828452b3906e,Dental,0.953125,0.036865234375,0.004150390625,0.0050048828125,True,A,0.34961938858032227,medmcqa_5,"['PBMD', 'PBMD', 'TEXT', 'PBMD', 'PBMD']","[468043370483943192, 468043370483985148, 468043370482458550, 468043370483663867, 468043370484087783]","[0.7974657416343689, 0.8001149892807007, 0.7376567125320435, 0.7886267304420471, 0.7977847456932068]"
5efc0877-615f-4154-ba76-46a27844c5a3,Dental,0.07958984375,0.06201171875,0.85546875,0.002716064453125,False,B,0.24297642707824707,medmcqa_5,"['PBMD', 'PBMD', 'PBMD', 'TEXT', 'PBMD']","[468043370483954894, 468043370483213892, 468043370483215751, 468043370482387639, 468043370483213152]","[0.7685917019844055, 0.7654215097427368, 0.7678258419036865, 0.7518635392189026, 0.7954527139663696]"
60a30040-3784-41dc-b81d-be50cde12679,Dental,0.03515625,0.057861328125,0.80078125,0.10791015625,True,C,0.2415921688079834,medmcqa_5,"['STAT', 'PBMD', 'PBMD', 'STAT', 'PBMD']","[468043370483006905, 468043370483649596, 468043370484058820, 468043370482498238, 468043370483726000]","[0.7414805293083191, 0.7362274527549744, 0.7383344769477844, 0.7342062592506409, 0.73473060131073]"
7e0a6533-733d-48a0-88dd-3359674187b8,Dental,0.26171875,0.490234375,0.1240234375,0.1240234375,False,A,0.24413228034973145,medmcqa_5,"['TEXT', 'PBMD', 'TEXT', 'TEXT', 'TEXT']","[468043370482406729, 468043370484001613, 468043370482406730, 468043370482406731, 468043370482400998]","[0.7679343819618225, 0.7664048671722412, 0.7200479507446289, 0.7490561008453369, 0.7489748001098633]"
3ee700bc-5cac-4228-b0a2-5164512b90e4,Dental,0.375,0.423828125,0.146484375,0.053955078125,False,A,0.5379722118377686,medmcqa_5,"['PBMD', 'PBMD', 'STAT', 'PBMD', 'STAT']","[468043370483215054, 468043370483667281, 468043370483042571, 468043370483234333, 468043370482848226]","[0.7587257623672485, 0.7469027638435364, 0.7101469039916992, 0.758899450302124, 0.7199357748031616]"
b014b3da-9774-4d31-8af9-115a04590625,Pathology,0.1396484375,0.2021484375,0.2294921875,0.4296875,False,B,0.2508065700531006,medmcqa_5,"['STAT', 'TEXT', 'PBMD', 'PBMD', 'PBMD']","[468043370482893289, 468043370482391335, 468043370483897862, 468043370483901929, 468043370483535010]","[0.7756246328353882, 0.7823846340179443, 0.8068803548812866, 0.784925103187561, 0.7650554776191711]"
143fc0f8-8075-4833-a0e5-900ed6562a3a,Pathology,0.0400390625,0.04541015625,0.91015625,0.0034942626953125,False,D,0.3546435832977295,medmcqa_5,"['PBMD', 'TEXT', 'PBMD', 'TEXT', 'TEXT']","[468043370483742014, 468043370482455950, 468043370483908340, 468043370482426236, 468043370482426246]","[0.8082190752029419, 0.7775159478187561, 0.7830891609191895, 0.7882922887802124, 0.7840176224708557]"
52e11926-2d45-4bbd-aa2d-f1c4cf6e4682,Pathology,0.4765625,0.25390625,0.25390625,0.014404296875,False,C,0.24928927421569824,medmcqa_5,"['PBMD', 'STAT', 'PBMD', 'PBMD', 'PBMD']","[468043370483744284, 468043370482826351, 468043370483489084, 468043370483256158, 468043370484032869]","[0.8067271709442139, 0.7690373659133911, 0.8149979114532471, 0.791318953037262, 0.7904684543609619]"
5c98317f-be24-441a-9349-7f423d681dfc,Pathology,0.046630859375,0.93359375,0.006317138671875,0.01177978515625,True,B,0.3475823402404785,medmcqa_5,"['PBMD', 'PBMD', 'PBMD', 'PBMD', 'PBMD']","[468043370483427491, 468043370483801015, 468043370483252489, 468043370484065038, 468043370483503011]","[0.7868242859840393, 0.778537929058075, 0.7729185819625854, 0.7737394571304321, 0.7719652652740479]"
0ba9328b-c265-4d98-8259-314789a2f00d,Pathology,0.015869140625,0.002593994140625,0.98046875,0.000576019287109375,True,C,0.2071375846862793,medmcqa_5,"['TEXT', 'STAT', 'STAT', 'STAT', 'PBMD']","[468043370482408191, 468043370483049600, 468043370483061825, 468043370483049602, 468043370484066687]","[0.8170908093452454, 0.8229129910469055, 0.8284412026405334, 0.8028579354286194, 0.7781351804733276]"
d95b767a-8152-4636-8d0a-0da18b352aa1,Pathology,0.2099609375,0.26953125,0.0162353515625,0.50390625,True,D,0.20751500129699707,medmcqa_5,"['TEXT', 'PBMD', 'STAT', 'STAT', 'STAT']","[468043370482403433, 468043370483277063, 468043370483058378, 468043370482948215, 468043370483058374]","[0.770854651927948, 0.8149490356445312, 0.7849550843238831, 0.7647252082824707, 0.7601813077926636]"
da143133-e8d3-44d6-a66d-607ed0bcf458,Pathology,0.09375,0.17578125,0.036865234375,0.6953125,True,D,0.345644474029541,medmcqa_5,"['PBMD', 'PBMD', 'PBMD', 'STAT', 'PBMD']","[468043370483812551, 468043370483276082, 468043370483737058, 468043370482991719, 468043370483758095]","[0.7568078637123108, 0.7472044825553894, 0.7544342279434204, 0.7294195294380188, 0.7457374930381775]"
b9430ce6-2167-41f1-86a6-5d8c3e143d86,Pathology,0.00170135498046875,0.99609375,0.0002956390380859375,0.0001583099365234375,True,B,0.2049248218536377,medmcqa_5,"['STAT', 'STAT', 'STAT', 'STAT', 'STAT']","[468043370482841489, 468043370482932956, 468043370482841486, 468043370482841488, 468043370482831083]","[0.8241788148880005, 0.80792236328125, 0.7715420722961426, 0.7424014210700989, 0.7649111747741699]"
f32e7596-5c32-4ea2-922d-d2c60d0e3097,Pathology,0.00170135498046875,0.99609375,0.00022983551025390625,0.0001583099365234375,True,B,0.2568216323852539,medmcqa_5,"['STAT', 'STAT', 'STAT', 'TEXT', 'TEXT']","[468043370482923632, 468043370482884033, 468043370483022854, 468043370482406478, 468043370482403225]","[0.7610248923301697, 0.7760510444641113, 0.7749797701835632, 0.7684755325317383, 0.764698326587677]"
0447b9a2-22ec-449c-8a23-a52c28ac6b34,Pathology,0.298828125,0.359375,0.232421875,0.10986328125,False,A,0.37114405632019043,medmcqa_5,"['STAT', 'STAT', 'TEXT', 'PBMD', 'STAT']","[468043370482896928, 468043370482884024, 468043370482408729, 468043370483417544, 468043370482870464]","[0.8000600337982178, 0.7973148822784424, 0.8156172037124634, 0.7923746109008789, 0.8324976563453674]"
b8e55476-5037-418e-afe3-2d7ca5174a31,Pathology,0.0260009765625,0.0244140625,0.671875,0.279296875,True,C,0.4096102714538574,medmcqa_5,"['PBMD', 'TEXT', 'TEXT', 'TEXT', 'PBMD']","[468043370483811617, 468043370482456745, 468043370482456749, 468043370482447923, 468043370483192077]","[0.7508473992347717, 0.7120926976203918, 0.6919509768486023, 0.6918545365333557, 0.7513446807861328]"
04e13397-4705-42d1-acbf-06e59fd3c4ee,Pathology,0.023681640625,0.0184326171875,0.9453125,0.01116943359375,True,C,0.20345807075500488,medmcqa_5,"['STAT', 'STAT', 'STAT', 'STAT', 'STAT']","[468043370482848201, 468043370482848199, 468043370482990557, 468043370483025111, 468043370482990570]","[0.8023107051849365, 0.7868649363517761, 0.7556358575820923, 0.7630025148391724, 0.7663273811340332]"
aa2ee1f7-0913-43ef-a2c4-b96eb63e967b,Pathology,0.474609375,0.09326171875,0.06396484375,0.369140625,True,A,0.3488926887512207,medmcqa_5,"['STAT', 'STAT', 'PBMD', 'STAT', 'TEXT']","[468043370482517144, 468043370482517136, 468043370483210154, 468043370482517141, 468043370482458588]","[0.7631524205207825, 0.7727138996124268, 0.769255518913269, 0.7547988891601562, 0.7250810861587524]"
c5ca31d6-b2b8-4ff5-b2ee-637e216bbec0,Pathology,0.45703125,0.130859375,0.244140625,0.16796875,True,A,0.2984640598297119,medmcqa_5,"['PBMD', 'PBMD', 'PBMD', 'PBMD', 'PBMD']","[468043370483488909, 468043370483539390, 468043370483540514, 468043370483725076, 468043370483725699]","[0.7988146543502808, 0.7919647693634033, 0.7961693406105042, 0.8003314733505249, 0.7913112640380859]"
040be818-df88-4fad-959a-96d3cc4ee9f1,Pathology,0.0223388671875,0.73828125,0.1865234375,0.053466796875,False,C,0.25408053398132324,medmcqa_5,"['PBMD', 'TEXT', 'TEXT', 'STAT', 'STAT']","[468043370483429841, 468043370482463552, 468043370482403412, 468043370482851150, 468043370482870181]","[0.7935740947723389, 0.7448405027389526, 0.7633664608001709, 0.7670196294784546, 0.7799544334411621]"
a5c1e6f2-390a-4459-804e-4f27fde3571d,Pathology,0.251953125,0.68359375,0.03857421875,0.02490234375,True,B,0.344113826751709,medmcqa_5,"['PBMD', 'PBMD', 'PBMD', 'PBMD', 'STAT']","[468043370483678874, 468043370483664233, 468043370484080976, 468043370483679275, 468043370482995495]","[0.8098570108413696, 0.8000897169113159, 0.8078626394271851, 0.7946798205375671, 0.7828247547149658]"
0b749e6e-3f81-4303-9377-3b49a2bd6ee5,Pathology,0.2578125,0.546875,0.1220703125,0.07373046875,False,A,0.4878401756286621,medmcqa_5,"['PBMD', 'TEXT', 'PBMD', 'PBMD', 'TEXT']","[468043370483465875, 468043370482394054, 468043370483217366, 468043370484006897, 468043370482394027]","[0.7779474854469299, 0.7606819272041321, 0.7582020163536072, 0.7582192420959473, 0.7249523997306824]"
1a29fc79-3d2d-40a4-82ca-0f2860d9958a,Pathology,0.36328125,0.11083984375,0.059326171875,0.466796875,True,D,0.4854466915130615,medmcqa_5,"['TEXT', 'STAT', 'PBMD', 'TEXT', 'PBMD']","[468043370482424318, 468043370482908504, 468043370484124417, 468043370482453420, 468043370483864736]","[0.7856833934783936, 0.7862221002578735, 0.7827187180519104, 0.7574509978294373, 0.7872791290283203]"
cb27bde3-31d6-452b-9d4e-cc6351540089,Pathology,0.7265625,0.041015625,0.07177734375,0.162109375,True,A,0.23874139785766602,medmcqa_5,"['STAT', 'PBMD', 'STAT', 'PBMD', 'TEXT']","[468043370482846961, 468043370483537869, 468043370483041695, 468043370483124607, 468043370482417782]","[0.7348924279212952, 0.726176381111145, 0.7177490592002869, 0.7297611832618713, 0.668770432472229]"
0607ab4a-57c2-4893-ae71-327553d574ca,Pathology,0.89453125,0.08837890625,0.01275634765625,0.005645751953125,True,A,0.23312902450561523,medmcqa_5,"['PBMD', 'PBMD', 'PBMD', 'PBMD', 'STAT']","[468043370483487664, 468043370483742447, 468043370483214386, 468043370483218896, 468043370482517166]","[0.8074239492416382, 0.7991930842399597, 0.8075894117355347, 0.8304038643836975, 0.8317887187004089]"
02b97bc8-316d-45fb-b372-606a62db2218,Pediatrics,0.0947265625,0.03955078125,0.79296875,0.07373046875,False,D,0.35251545906066895,medmcqa_5,"['PBMD', 'TEXT', 'TEXT', 'TEXT', 'TEXT']","[468043370483168716, 468043370482373579, 468043370482429205, 468043370482457031, 468043370482476388]","[0.819516658782959, 0.7856500148773193, 0.812105655670166, 0.8039400577545166, 0.8211376070976257]"
1fe1bd49-93cd-4bea-8beb-fdf6cc819421,Pediatrics,0.53515625,0.1357421875,0.1533203125,0.173828125,False,C,0.20668959617614746,medmcqa_5,"['PBMD', 'STAT', 'PBMD', 'STAT', 'TEXT']","[468043370483404085, 468043370483071854, 468043370483351376, 468043370482901132, 468043370482433873]","[0.707165539264679, 0.6956003904342651, 0.7244694828987122, 0.7061793208122253, 0.7179011702537537]"
3e2eed94-4bdb-4c13-9cfa-f267716b34d4,Pediatrics,0.2060546875,0.055419921875,0.71875,0.0203857421875,False,A,0.28087520599365234,medmcqa_5,"['STAT', 'PBMD', 'TEXT', 'TEXT', 'TEXT']","[468043370482537228, 468043370484041529, 468043370482412388, 468043370482471342, 468043370482383063]","[0.7711737155914307, 0.78037428855896, 0.7541238069534302, 0.7663036584854126, 0.7695810198783875]"
5029ecd7-0f3f-495a-b662-b45589a2f9d7,Pediatrics,0.0654296875,0.62109375,0.29296875,0.018798828125,True,B,0.4098188877105713,medmcqa_5,"['PBMD', 'PBMD', 'PBMD', 'STAT', 'PBMD']","[468043370483903640, 468043370483610222, 468043370483343297, 468043370482954880, 468043370483206472]","[0.7499933242797852, 0.7441279888153076, 0.7827835083007812, 0.699616551399231, 0.7271569967269897]"
87c9ed45-4f13-4ec7-9af1-571dc39c84a9,Pediatrics,0.9140625,0.033203125,0.040283203125,0.01226806640625,True,A,0.2896132469177246,medmcqa_5,"['STAT', 'PBMD', 'TEXT', 'PBMD', 'PBMD']","[468043370483010369, 468043370483256569, 468043370482404975, 468043370483815675, 468043370484040774]","[0.7663043737411499, 0.7960640788078308, 0.7782376408576965, 0.7900809049606323, 0.7894861698150635]"
8af82f86-f0fe-46f3-8e14-58a77ec931bb,Pediatrics,0.287109375,0.1357421875,0.50390625,0.07275390625,False,B,0.2647557258605957,medmcqa_5,"['STAT', 'STAT', 'TEXT', 'STAT', 'PBMD']","[468043370482547978, 468043370482547974, 468043370482465007, 468043370482547981, 468043370483351135]","[0.7978246808052063, 0.7362805604934692, 0.7480449676513672, 0.7431384921073914, 0.7679503560066223]"
6f03967a-8c4b-4a57-8443-1c81d4543711,Pediatrics,0.061279296875,0.74609375,0.0240478515625,0.1669921875,False,A,0.34777021408081055,medmcqa_5,"['PBMD', 'PBMD', 'PBMD', 'PBMD', 'PBMD']","[468043370483752936, 468043370484096385, 468043370483418545, 468043370483752934, 468043370483558647]","[0.8401436805725098, 0.8597975969314575, 0.8492344617843628, 0.8382649421691895, 0.8375139832496643]"
77d35e3d-ce5c-426c-91da-17f5259efafa,Pediatrics,0.05712890625,0.1552734375,0.7890625,0.000560760498046875,False,A,0.27346134185791016,medmcqa_5,"['PBMD', 'PBMD', 'PBMD', 'PBMD', 'STAT']","[468043370483913895, 468043370484088763, 468043370483774587, 468043370483816864, 468043370482505852]","[0.7526655197143555, 0.7386709451675415, 0.7442753314971924, 0.7571362853050232, 0.7578202486038208]"
2097d24a-6816-485c-984d-90a5fbf2090e,Pediatrics,0.1865234375,0.1279296875,0.57421875,0.11279296875,False,A,0.24907183647155762,medmcqa_5,"['TEXT', 'STAT', 'PBMD', 'PBMD', 'STAT']","[468043370482461430, 468043370483058308, 468043370483488688, 468043370483339665, 468043370482999768]","[0.7500550746917725, 0.7339746356010437, 0.7702157497406006, 0.7644955515861511, 0.7390775680541992]"
cf8f9c7e-0fd4-4d09-8638-0b61f05a55a1,Pediatrics,0.9609375,0.0113525390625,0.025634765625,0.001739501953125,True,A,0.2509009838104248,medmcqa_5,"['TEXT', 'PBMD', 'TEXT', 'TEXT', 'PBMD']","[468043370482465053, 468043370483733966, 468043370482493563, 468043370482450053, 468043370483367516]","[0.7560069561004639, 0.7830018401145935, 0.7414041757583618, 0.7715625166893005, 0.788454532623291]"
3e661f15-9a34-4c14-b4ff-7bac9c57b6be,Pediatrics,0.255859375,0.2255859375,0.039306640625,0.478515625,False,C,0.2713203430175781,medmcqa_5,"['PBMD', 'PBMD', 'PBMD', 'TEXT', 'PBMD']","[468043370483402864, 468043370483506600, 468043370483229627, 468043370482385969, 468043370483496140]","[0.7890836596488953, 0.787636935710907, 0.7913314700126648, 0.8024370074272156, 0.7903456687927246]"
1fc4e91a-649c-4eb8-bf21-abc171e8231f,Pediatrics,0.0458984375,0.01806640625,0.92578125,0.01165771484375,True,C,0.27246570587158203,medmcqa_5,"['STAT', 'PBMD', 'PBMD', 'PBMD', 'TEXT']","[468043370482922197, 468043370483591069, 468043370483459638, 468043370483451367, 468043370482451581]","[0.7919958829879761, 0.8346239328384399, 0.835525631904602, 0.8308197855949402, 0.8159233331680298]"
1609ebf3-8709-4e7f-abac-53de9b01a173,Pediatrics,0.26171875,0.5546875,0.1396484375,0.04541015625,True,B,0.3463315963745117,medmcqa_5,"['TEXT', 'STAT', 'STAT', 'PBMD', 'PBMD']","[468043370482418213, 468043370482519031, 468043370483000137, 468043370483565252, 468043370483107794]","[0.744981586933136, 0.7360033392906189, 0.7380795478820801, 0.7489346265792847, 0.7573806643486023]"
0778d314-486a-4af0-b2bd-cab83e7e2166,Pediatrics,0.1357421875,0.1357421875,0.038818359375,0.69140625,True,D,0.34627580642700195,medmcqa_5,"['PBMD', 'PBMD', 'PBMD', 'STAT', 'PBMD']","[468043370483638526, 468043370483513803, 468043370483608329, 468043370482848924, 468043370484009334]","[0.8009936213493347, 0.8004594445228577, 0.7914676666259766, 0.7556607723236084, 0.805592954158783]"
920be195-ff47-4a12-9968-c79a5615141f,Pediatrics,0.01483154296875,0.0084228515625,0.9765625,0.000576019287109375,True,C,0.19972014427185059,medmcqa_5,"['PBMD', 'STAT', 'STAT', 'PBMD', 'PBMD']","[468043370483123414, 468043370482891477, 468043370483010072, 468043370484076834, 468043370483481073]","[0.7692660093307495, 0.7479000091552734, 0.758486270904541, 0.7787433862686157, 0.7860223650932312]"
db876ffe-c2d5-4d12-9aa1-6745cac9cb2d,Pediatrics,0.04248046875,0.095703125,0.061767578125,0.80078125,True,D,0.40044116973876953,medmcqa_5,"['TEXT', 'STAT', 'PBMD', 'PBMD', 'TEXT']","[468043370482421856, 468043370482888163, 468043370484002356, 468043370484016025, 468043370482492252]","[0.7006762027740479, 0.7172452807426453, 0.7123934626579285, 0.7171137928962708, 0.7000032663345337]"
f9739409-2790-47a9-80b7-98c70f0bcc16,Pediatrics,0.00141143798828125,0.99609375,0.00124359130859375,0.00066375732421875,True,B,0.27702832221984863,medmcqa_5,"['PBMD', 'TEXT', 'TEXT', 'PBMD', 'PBMD']","[468043370484074928, 468043370482464819, 468043370482441509, 468043370484038655, 468043370483710608]","[0.8012499213218689, 0.7593473196029663, 0.7717583179473877, 0.7887438535690308, 0.7932162880897522]"
d0c2e565-6176-49a0-b3c8-8f0ac586d82f,Pediatrics,0.65625,0.0211181640625,0.291015625,0.0289306640625,True,A,0.20152831077575684,medmcqa_5,"['STAT', 'STAT', 'STAT', 'TEXT', 'PBMD']","[468043370482550876, 468043370482525968, 468043370482550879, 468043370482408372, 468043370483126664]","[0.7955338954925537, 0.7844836115837097, 0.8016993999481201, 0.7720670700073242, 0.7958430051803589]"
6101f100-7f2c-4957-8862-e5abfc113729,Pediatrics,0.98828125,0.005523681640625,0.002777099609375,0.0019073486328125,True,A,0.23866748809814453,medmcqa_5,"['PBMD', 'TEXT', 'STAT', 'PBMD', 'PBMD']","[468043370484111429, 468043370482463800, 468043370482827387, 468043370484000286, 468043370483228360]","[0.7825093269348145, 0.7833346128463745, 0.7515745162963867, 0.7889724969863892, 0.8104487061500549]"
c2c17a3d-3302-481b-8550-6985d54126c7,Pediatrics,0.51953125,0.314453125,0.1396484375,0.0274658203125,True,A,0.3044722080230713,medmcqa_5,"['PBMD', 'PBMD', 'PBMD', 'PBMD', 'TEXT']","[468043370483967702, 468043370483743959, 468043370484013290, 468043370484035172, 468043370482471476]","[0.7691748142242432, 0.7517011165618896, 0.7450370192527771, 0.7520963549613953, 0.7445022463798523]"
dbd53f8c-f995-46d5-93fc-350207f988ec,Medicine,0.10791015625,0.62109375,0.177734375,0.09521484375,False,C,0.2067885398864746,medmcqa_5,"['STAT', 'STAT', 'PBMD', 'STAT', 'STAT']","[468043370482851301, 468043370482816139, 468043370483881834, 468043370483003881, 468043370482985280]","[0.7479972839355469, 0.7293751835823059, 0.7614238858222961, 0.7328405380249023, 0.7302926778793335]"
3e76b92d-f48f-4a2f-98ed-d97420a71e53,Medicine,0.1962890625,0.77734375,0.01513671875,0.01177978515625,True,B,0.2508273124694824,medmcqa_5,"['STAT', 'STAT', 'STAT', 'STAT', 'TEXT']","[468043370482932762, 468043370482994097, 468043370483028276, 468043370483028343, 468043370482458203]","[0.806298017501831, 0.8004689812660217, 0.7931909561157227, 0.8095237016677856, 0.7905778884887695]"
27c9ead8-7baf-4c63-bf48-a03e57812c44,Medicine,0.09130859375,0.10302734375,0.04296875,0.76171875,False,C,0.27134251594543457,medmcqa_5,"['STAT', 'PBMD', 'PBMD', 'STAT', 'PBMD']","[468043370482896928, 468043370483501448, 468043370483412472, 468043370482980192, 468043370483747664]","[0.803986668586731, 0.8351331949234009, 0.8436142802238464, 0.8275518417358398, 0.849229633808136]"
11903811-5b78-46fa-8c61-06c5df9a3ccb,Medicine,0.9609375,0.029052734375,0.00445556640625,0.00445556640625,True,A,0.34769105911254883,medmcqa_5,"['PBMD', 'PBMD', 'PBMD', 'STAT', 'STAT']","[468043370483591263, 468043370483591262, 468043370483641121, 468043370482515233, 468043370482542524]","[0.816887378692627, 0.7976159453392029, 0.8021148443222046, 0.7837864756584167, 0.7683885097503662]"
52214090-675c-402d-b898-bb6c05aa3e95,Medicine,0.26171875,0.62890625,0.07958984375,0.03125,False,A,0.24913787841796875,medmcqa_5,"['PBMD', 'STAT', 'PBMD', 'TEXT', 'TEXT']","[468043370483655671, 468043370482859923, 468043370483856532, 468043370482419396, 468043370482482821]","[0.7831427454948425, 0.7726731896400452, 0.8125571012496948, 0.7669020891189575, 0.7780814170837402]"
c30d00e9-dc5c-43fd-9514-b0dd23249546,Medicine,0.01220703125,0.0157470703125,0.97265625,0.00057220458984375,True,C,0.2542693614959717,medmcqa_5,"['PBMD', 'STAT', 'STAT', 'STAT', 'TEXT']","[468043370483407027, 468043370482925642, 468043370482925669, 468043370482911357, 468043370482457600]","[0.7747360467910767, 0.7795222997665405, 0.7704802751541138, 0.7653069496154785, 0.7504878640174866]"
a0de04fa-2223-40ca-9173-558fe5011dac,Medicine,0.86328125,0.0277099609375,0.0751953125,0.03564453125,True,A,0.2502119541168213,medmcqa_5,"['TEXT', 'PBMD', 'STAT', 'STAT', 'STAT']","[468043370482464273, 468043370483950828, 468043370482932325, 468043370482865578, 468043370482550209]","[0.7788311243057251, 0.8185291886329651, 0.8047534823417664, 0.8133615255355835, 0.8033010363578796]"
f20f293f-58fc-4b88-ba1d-d37764178ff4,Medicine,0.318359375,0.1708984375,0.150390625,0.361328125,False,B,0.5198769569396973,medmcqa_5,"['STAT', 'TEXT', 'PBMD', 'PBMD', 'PBMD']","[468043370482876473, 468043370482383013, 468043370483946278, 468043370483618367, 468043370484110381]","[0.7893458008766174, 0.7662793397903442, 0.7724865078926086, 0.7710385918617249, 0.8022787570953369]"
cd0df6a2-1e8f-41e9-8304-1b8742ea993d,Medicine,0.048095703125,0.037353515625,0.90625,0.00836181640625,False,B,0.3434767723083496,medmcqa_5,"['TEXT', 'TEXT', 'STAT', 'PBMD', 'TEXT']","[468043370482446814, 468043370482467706, 468043370483065688, 468043370483865192, 468043370482467707]","[0.8292683362960815, 0.8194743394851685, 0.8050660490989685, 0.8373676538467407, 0.8054843544960022]"
8a85e4e4-e42b-41a9-87e2-6f8e7105262c,Medicine,0.004913330078125,0.00066375732421875,0.00031280517578125,0.9921875,True,D,0.2475593090057373,medmcqa_5,"['PBMD', 'PBMD', 'TEXT', 'PBMD', 'PBMD']","[468043370483280147, 468043370483746378, 468043370482428655, 468043370483319679, 468043370483253309]","[0.855259358882904, 0.8102555274963379, 0.8430257439613342, 0.7934454679489136, 0.816207230091095]"
234d826f-4a7b-4fd1-9799-b1a3602355fe,Medicine,0.0859375,0.298828125,0.055419921875,0.55859375,True,D,0.34665727615356445,medmcqa_5,"['PBMD', 'PBMD', 'PBMD', 'PBMD', 'TEXT']","[468043370483709615, 468043370483817943, 468043370483875377, 468043370483482150, 468043370482443067]","[0.7496272921562195, 0.7375361919403076, 0.7353600859642029, 0.752173900604248, 0.7449720501899719]"
7ef1e046-a4a8-45dd-9a3b-6ede4a1b85ce,Medicine,0.349609375,0.1650390625,0.44921875,0.036865234375,False,D,0.4391322135925293,medmcqa_5,"['PBMD', 'STAT', 'STAT', 'PBMD', 'PBMD']","[468043370483869206, 468043370482845172, 468043370483017335, 468043370483130250, 468043370483776192]","[0.7575821876525879, 0.7549867630004883, 0.7883807420730591, 0.7511616349220276, 0.752900242805481]"
17529d1c-10a7-46d0-8f1c-070aa64234e5,Medicine,0.0830078125,0.89453125,0.0174560546875,0.00469970703125,True,B,0.2519352436065674,medmcqa_5,"['STAT', 'TEXT', 'STAT', 'PBMD', 'STAT']","[468043370482986369, 468043370482409644, 468043370483060963, 468043370483136156, 468043370482904748]","[0.7845289707183838, 0.7948830127716064, 0.7717603445053101, 0.803764820098877, 0.780638575553894]"
b1cc4ab0-a82c-437a-88c2-00953f3618ff,Medicine,0.435546875,0.318359375,0.1708984375,0.07568359375,True,A,0.40245914459228516,medmcqa_5,"['TEXT', 'TEXT', 'STAT', 'PBMD', 'TEXT']","[468043370482437031, 468043370482430813, 468043370482851771, 468043370483985070, 468043370482438328]","[0.7545158267021179, 0.7680159211158752, 0.7446935772895813, 0.7632966041564941, 0.7434345483779907]"
d2dd3a90-bed4-4897-ab87-50fef0041b29,Medicine,0.01031494140625,0.984375,0.0017852783203125,0.001678466796875,True,B,0.27123069763183594,medmcqa_5,"['TEXT', 'STAT', 'STAT', 'PBMD', 'PBMD']","[468043370482399710, 468043370483041359, 468043370482516360, 468043370483154159, 468043370483431041]","[0.7910566926002502, 0.7789250612258911, 0.7685884237289429, 0.7866824865341187, 0.7829954028129578]"
789aa0f7-2666-4950-be7e-42b03b1b1a44,Medicine,0.04052734375,0.0245361328125,0.01312255859375,0.921875,True,D,0.25237607955932617,medmcqa_5,"['TEXT', 'TEXT', 'TEXT', 'STAT', 'TEXT']","[468043370482373860, 468043370482372531, 468043370482476277, 468043370482541677, 468043370482373322]","[0.741069495677948, 0.7514544129371643, 0.7638925313949585, 0.7398912310600281, 0.7302899956703186]"
4b68c9e2-67fe-44e0-a9aa-002f5787f453,Medicine,0.4453125,0.1640625,0.1201171875,0.26953125,True,A,0.40518617630004883,medmcqa_5,"['STAT', 'STAT', 'STAT', 'STAT', 'TEXT']","[468043370482847346, 468043370482782491, 468043370482870502, 468043370483023732, 468043370482430385]","[0.754302978515625, 0.7420169711112976, 0.7729508280754089, 0.7415227890014648, 0.7469274997711182]"
b6960906-d735-47a0-b71b-aa8af6cd26b3,Medicine,0.08740234375,0.08203125,0.73046875,0.09912109375,True,C,0.385683536529541,medmcqa_5,"['TEXT', 'TEXT', 'STAT', 'TEXT', 'STAT']","[468043370482469153, 468043370482402013, 468043370482496836, 468043370482402007, 468043370482835239]","[0.7611916661262512, 0.7458226680755615, 0.7528367638587952, 0.7612516283988953, 0.7559500336647034]"
035a6e66-f990-4d45-abd9-9855059b027a,Medicine,0.251953125,0.08154296875,0.134765625,0.53125,False,C,0.2546560764312744,medmcqa_5,"['STAT', 'STAT', 'STAT', 'STAT', 'STAT']","[468043370483015303, 468043370482852094, 468043370483038955, 468043370482827849, 468043370483032355]","[0.7992157936096191, 0.7988778352737427, 0.7640340328216553, 0.7661340236663818, 0.7976552248001099]"
1919416e-aa4f-4c7f-a845-46186f02f44f,Medicine,0.99609375,0.00070953369140625,0.00124359130859375,0.0001583099365234375,True,A,0.2450404167175293,medmcqa_5,"['STAT', 'STAT', 'PBMD', 'PBMD', 'PBMD']","[468043370483064701, 468043370483064699, 468043370483755695, 468043370483949184, 468043370483335813]","[0.7778875231742859, 0.7732817530632019, 0.7986011505126953, 0.7830052971839905, 0.7864283919334412]"
0190a0f3-416a-4d56-a172-7738b023fd28,Pharmacology,0.03759765625,0.03759765625,0.9140625,0.01220703125,True,C,0.29264283180236816,medmcqa_5,"['PBMD', 'PBMD', 'PBMD', 'PBMD', 'STAT']","[468043370483937148, 468043370483946041, 468043370483942398, 468043370483955654, 468043370483074630]","[0.7574470043182373, 0.7448267340660095, 0.7637588977813721, 0.7473500370979309, 0.7370644807815552]"
a3fa1cc7-e557-4f42-97b3-ac43890070c4,Pharmacology,0.1416015625,0.33984375,0.0810546875,0.4375,False,B,0.3806459903717041,medmcqa_5,"['TEXT', 'TEXT', 'TEXT', 'TEXT', 'PBMD']","[468043370482402953, 468043370482467432, 468043370482467359, 468043370482432448, 468043370483101733]","[0.7978746294975281, 0.7500925660133362, 0.7560569047927856, 0.7730606198310852, 0.785983681678772]"
59020852-ed4d-4f44-932b-98da5cd0f47b,Pharmacology,0.6875,0.0439453125,0.22265625,0.046630859375,False,C,0.37958383560180664,medmcqa_5,"['PBMD', 'STAT', 'TEXT', 'STAT', 'STAT']","[468043370483761318, 468043370483013543, 468043370482465207, 468043370482957307, 468043370483013546]","[0.7930063009262085, 0.7457394003868103, 0.7688120007514954, 0.7570512890815735, 0.7227566242218018]"
57b1ba32-ffad-47ac-b906-d1b6dbca3bc6,Pharmacology,0.040771484375,0.92578125,0.01031494140625,0.023193359375,True,B,0.25017380714416504,medmcqa_5,"['TEXT', 'PBMD', 'PBMD', 'PBMD', 'PBMD']","[468043370482466539, 468043370483577677, 468043370483291843, 468043370483287069, 468043370483270924]","[0.7688451409339905, 0.7994613647460938, 0.7963187098503113, 0.8067214488983154, 0.7978947162628174]"
593f6b1c-c039-46aa-b81e-f418ed39ed6c,Pharmacology,0.015869140625,0.0859375,0.6328125,0.263671875,False,B,0.2984628677368164,medmcqa_5,"['PBMD', 'PBMD', 'PBMD', 'TEXT', 'STAT']","[468043370483813282, 468043370483315232, 468043370483112667, 468043370482471627, 468043370482951669]","[0.8119310140609741, 0.8131024241447449, 0.8269346952438354, 0.8081358671188354, 0.8083149194717407]"
59ade17d-2139-4c4b-b0b5-ec6d6cf3c073,Pharmacology,0.6953125,0.032470703125,0.19921875,0.0732421875,True,A,0.20152592658996582,medmcqa_5,"['STAT', 'STAT', 'TEXT', 'STAT', 'STAT']","[468043370482819727, 468043370483017609, 468043370482466085, 468043370482855738, 468043370482807945]","[0.8417248725891113, 0.8049740791320801, 0.8187152743339539, 0.8237877488136292, 0.8138488531112671]"
aa8da3cd-fdc2-42ef-96f5-9de78597f924,Pharmacology,0.26171875,0.06640625,0.62890625,0.042724609375,True,C,0.23605942726135254,medmcqa_5,"['PBMD', 'TEXT', 'STAT', 'PBMD', 'PBMD']","[468043370483252780, 468043370482411395, 468043370482510275, 468043370483125923, 468043370483401390]","[0.8272674083709717, 0.7655162215232849, 0.8855082988739014, 0.8514052033424377, 0.8290613293647766]"
2dd59aba-38c0-4aff-a000-1bcb640254ff,Pharmacology,0.9296875,0.03173828125,0.028076171875,0.010986328125,False,B,0.27390003204345703,medmcqa_5,"['PBMD', 'PBMD', 'TEXT', 'STAT', 'PBMD']","[468043370484089633, 468043370483478450, 468043370482472298, 468043370482520241, 468043370483314363]","[0.7405498027801514, 0.7233845591545105, 0.6861149072647095, 0.6966705322265625, 0.7155128121376038]"
c273445f-2dc5-452f-94b4-ce6e37b4496d,Pharmacology,0.166015625,0.07861328125,0.7421875,0.01202392578125,True,C,0.1634984016418457,medmcqa_5,"['STAT', 'STAT', 'STAT', 'STAT', 'STAT']","[468043370482549143, 468043370482830881, 468043370483060054, 468043370482964827, 468043370483004883]","[0.7765569686889648, 0.7710363268852234, 0.7664110064506531, 0.7933615446090698, 0.7646987438201904]"
f62dcc6b-7c3b-4308-b33c-c48ce3947b79,Pharmacology,0.00909423828125,0.001312255859375,0.98828125,0.000331878662109375,True,C,0.3017604351043701,medmcqa_5,"['TEXT', 'STAT', 'STAT', 'STAT', 'PBMD']","[468043370482494190, 468043370483016130, 468043370482873112, 468043370483050680, 468043370483926914]","[0.713782548904419, 0.7267495393753052, 0.7225415706634521, 0.7166360020637512, 0.7578493356704712]"
b0b23ecd-6076-476c-935b-a6384c8474ff,Pharmacology,0.03271484375,0.007293701171875,0.0030517578125,0.95703125,True,D,0.2467668056488037,medmcqa_5,"['TEXT', 'TEXT', 'TEXT', 'TEXT', 'PBMD']","[468043370482465407, 468043370482465449, 468043370482465393, 468043370482471590, 468043370483384661]","[0.7549743056297302, 0.7522585988044739, 0.7781886458396912, 0.7551400661468506, 0.7700818181037903]"
2690d305-171f-4fbe-8053-c8ac73b7e550,Pharmacology,0.95703125,0.0113525390625,0.0155029296875,0.0145263671875,True,A,0.24029922485351562,medmcqa_5,"['TEXT', 'TEXT', 'STAT', 'TEXT', 'STAT']","[468043370482455571, 468043370482482800, 468043370483031890, 468043370482482799, 468043370482910601]","[0.7364721298217773, 0.7549113035202026, 0.7925133109092712, 0.7431451082229614, 0.7597992420196533]"
1dc8c68f-0e81-40f3-860d-cfcc8d07be2a,Pharmacology,0.4375,0.49609375,0.00665283203125,0.059326171875,False,D,0.3773224353790283,medmcqa_5,"['TEXT', 'TEXT', 'TEXT', 'PBMD', 'STAT']","[468043370482384111, 468043370482384112, 468043370482389106, 468043370483093729, 468043370482850229]","[0.758111298084259, 0.7754065990447998, 0.7474989891052246, 0.7992317080497742, 0.7764785289764404]"
e2784a8a-04af-4ced-8bf8-e6c496245df2,Pharmacology,0.0027923583984375,0.99609375,0.0006256103515625,0.000518798828125,True,B,0.24917149543762207,medmcqa_5,"['TEXT', 'TEXT', 'TEXT', 'STAT', 'STAT']","[468043370482449106, 468043370482401436, 468043370482468530, 468043370483016043, 468043370482835175]","[0.7369657754898071, 0.7180010080337524, 0.7355982065200806, 0.731950044631958, 0.7299694418907166]"
49b456da-591f-4221-b56b-9a04eaa21b77,Pharmacology,0.259765625,0.70703125,0.032958984375,0.001861572265625,False,A,0.3479576110839844,medmcqa_5,"['PBMD', 'PBMD', 'PBMD', 'PBMD', 'PBMD']","[468043370483698672, 468043370483858178, 468043370484053453, 468043370484012342, 468043370483698679]","[0.764729917049408, 0.7905299663543701, 0.7686638832092285, 0.7661523818969727, 0.7729312181472778]"
c2966f39-a3e7-464d-9048-937bf330c794,Pharmacology,0.041015625,0.010986328125,0.8203125,0.1259765625,True,C,0.34384965896606445,medmcqa_5,"['TEXT', 'TEXT', 'PBMD', 'PBMD', 'TEXT']","[468043370482417282, 468043370482417271, 468043370483551566, 468043370483548359, 468043370482417281]","[0.705282986164093, 0.7028718590736389, 0.7824109196662903, 0.7461540102958679, 0.7231935262680054]"
a02c8fe4-9c6b-4d40-8e5d-9870b83a73cb,Pharmacology,0.1630859375,0.6875,0.126953125,0.020751953125,False,D,0.24573945999145508,medmcqa_5,"['PBMD', 'TEXT', 'STAT', 'STAT', 'TEXT']","[468043370483732551, 468043370482467819, 468043370482899791, 468043370482521447, 468043370482465803]","[0.7478082776069641, 0.7153135538101196, 0.7468544840812683, 0.7227540016174316, 0.7187659740447998]"
ef382bac-08a7-4b34-a5dc-e9eee5dc3cd7,Pharmacology,0.3359375,0.017822265625,0.625,0.0201416015625,True,C,0.3476073741912842,medmcqa_5,"['STAT', 'PBMD', 'PBMD', 'PBMD', 'TEXT']","[468043370482500209, 468043370484018132, 468043370483907429, 468043370483856006, 468043370482466246]","[0.8126211166381836, 0.7989150285720825, 0.7969643473625183, 0.7888226509094238, 0.7703193426132202]"
cbed1f88-337c-4896-b58b-daa523d9baf0,Pharmacology,0.05615234375,0.0634765625,0.15234375,0.7265625,True,D,0.4158029556274414,medmcqa_5,"['TEXT', 'TEXT', 'TEXT', 'PBMD', 'PBMD']","[468043370482470280, 468043370482470395, 468043370482470654, 468043370484031479, 468043370483905953]","[0.729642391204834, 0.7490058541297913, 0.7264083623886108, 0.7448585629463196, 0.7292544841766357]"
45ea4d89-40f7-42af-8f94-b4dc1e9a5466,Pharmacology,0.3046875,0.3046875,0.2373046875,0.1533203125,True,A,0.34430623054504395,medmcqa_5,"['TEXT', 'TEXT', 'TEXT', 'STAT', 'PBMD']","[468043370482465211, 468043370482465220, 468043370482383788, 468043370483021041, 468043370483459970]","[0.7680932879447937, 0.7497308254241943, 0.7173687815666199, 0.7340385913848877, 0.765826940536499]"
0a905295-9f26-4b46-827f-1bbe23678338,Surgery,0.07421875,0.90625,0.0146484375,0.00445556640625,True,B,0.2517426013946533,medmcqa_5,"['TEXT', 'STAT', 'PBMD', 'STAT', 'STAT']","[468043370482420540, 468043370482780408, 468043370483637103, 468043370482495530, 468043370482511342]","[0.7627142071723938, 0.7728870511054993, 0.7688318490982056, 0.7518251538276672, 0.7304522395133972]"
1bcbe056-96b4-41aa-a7aa-044d7d2ac555,Surgery,0.60546875,0.0162353515625,0.369140625,0.00811767578125,True,A,0.34531712532043457,medmcqa_5,"['PBMD', 'PBMD', 'STAT', 'PBMD', 'STAT']","[468043370483989014, 468043370483642421, 468043370482503021, 468043370483653065, 468043370482936578]","[0.8043152093887329, 0.7869438529014587, 0.7687699794769287, 0.7813132405281067, 0.7590931057929993]"
6ab3241e-4c52-470e-8977-aeaf0f54e17a,Surgery,0.1337890625,0.72265625,0.10400390625,0.038330078125,False,C,0.40343165397644043,medmcqa_5,"['PBMD', 'TEXT', 'TEXT', 'TEXT', 'PBMD']","[468043370483494072, 468043370482425079, 468043370482373203, 468043370482424031, 468043370483757417]","[0.797805905342102, 0.7940072417259216, 0.8042018413543701, 0.7749979496002197, 0.803097128868103]"
251499f8-5ddb-4d75-9acb-71fa169e64dc,Surgery,0.59765625,0.1328125,0.21875,0.052001953125,False,B,0.24168944358825684,medmcqa_5,"['TEXT', 'STAT', 'PBMD', 'TEXT', 'PBMD']","[468043370482431558, 468043370482880830, 468043370483756343, 468043370482444543, 468043370483629278]","[0.8350618481636047, 0.7792376279830933, 0.8134006857872009, 0.805226743221283, 0.8323356509208679]"
01409140-2453-4880-b3bd-f16772156d0f,Surgery,0.142578125,0.142578125,0.640625,0.076171875,False,A,0.3878040313720703,medmcqa_5,"['TEXT', 'STAT', 'STAT', 'STAT', 'STAT']","[468043370482371265, 468043370482917403, 468043370482850977, 468043370482500507, 468043370482962610]","[0.714480459690094, 0.7444831132888794, 0.7689504027366638, 0.7802736759185791, 0.7442947626113892]"
fcbb415d-5122-4a17-8042-196d3e5add29,Surgery,0.052734375,0.267578125,0.44140625,0.236328125,False,D,0.30661582946777344,medmcqa_5,"['PBMD', 'PBMD', 'PBMD', 'STAT', 'PBMD']","[468043370483218896, 468043370483540958, 468043370483685833, 468043370482517143, 468043370483219228]","[0.7823615670204163, 0.7670491933822632, 0.7820390462875366, 0.7812623977661133, 0.7798242568969727]"
49742408-b907-4963-a7b7-3e23f073e1bb,Surgery,0.01025390625,0.0029449462890625,0.984375,0.0035400390625,True,C,0.23746824264526367,medmcqa_5,"['TEXT', 'STAT', 'STAT', 'STAT', 'STAT']","[468043370482409771, 468043370482942611, 468043370482811742, 468043370482936154, 468043370483077547]","[0.7965805530548096, 0.7849313020706177, 0.7912023067474365, 0.7794164419174194, 0.7869799733161926]"
0c07c2bf-0cb4-4dba-91d6-f3cad091298b,Surgery,0.046875,0.08740234375,0.828125,0.036376953125,True,C,0.24901938438415527,medmcqa_5,"['STAT', 'TEXT', 'PBMD', 'PBMD', 'STAT']","[468043370482533229, 468043370482461570, 468043370483147762, 468043370483535944, 468043370483020972]","[0.7725661993026733, 0.7371851205825806, 0.760073184967041, 0.7404596209526062, 0.7840163707733154]"
9530266a-de00-449a-9428-d538b56740ab,Surgery,0.6484375,0.14453125,0.185546875,0.022216796875,False,C,0.23947596549987793,medmcqa_5,"['STAT', 'STAT', 'TEXT', 'STAT', 'STAT']","[468043370482893530, 468043370482914832, 468043370482371573, 468043370482505674, 468043370483016505]","[0.7716292142868042, 0.7406347990036011, 0.7282100319862366, 0.7529816627502441, 0.7922114133834839]"
d60d9642-e4b5-4c01-b004-4422e0fb084e,Surgery,0.9375,0.0341796875,0.01177978515625,0.01611328125,False,D,0.30172228813171387,medmcqa_5,"['STAT', 'TEXT', 'STAT', 'TEXT', 'PBMD']","[468043370482514526, 468043370482459759, 468043370483035589, 468043370482429115, 468043370483128805]","[0.8192959427833557, 0.7339940667152405, 0.7743542194366455, 0.7413871884346008, 0.7770327925682068]"
9603526f-8c7d-4618-963d-be8a05c28a94,Surgery,0.92578125,0.05224609375,0.01318359375,0.01025390625,True,A,0.2731926441192627,medmcqa_5,"['PBMD', 'PBMD', 'PBMD', 'STAT', 'PBMD']","[468043370484091661, 468043370484024981, 468043370483593260, 468043370482783747, 468043370483593261]","[0.7843213081359863, 0.7849518060684204, 0.8271420001983643, 0.8184235095977783, 0.7950975298881531]"
2b2dd003-8c87-47d5-8080-8f64371932e0,Surgery,0.9765625,0.017822265625,0.006988525390625,0.0003490447998046875,True,A,0.238753080368042,medmcqa_5,"['PBMD', 'PBMD', 'PBMD', 'TEXT', 'PBMD']","[468043370483184860, 468043370483561731, 468043370483529098, 468043370482417987, 468043370483819888]","[0.7547965049743652, 0.7529083490371704, 0.780501127243042, 0.7288799285888672, 0.7432680130004883]"
ce1788e6-7e9b-4e7c-b12c-0659f6ca6f65,Surgery,0.435546875,0.2060546875,0.125,0.2333984375,True,A,0.4063904285430908,medmcqa_5,"['STAT', 'PBMD', 'TEXT', 'PBMD', 'PBMD']","[468043370482937267, 468043370484057972, 468043370482433524, 468043370483426780, 468043370483882522]","[0.7801041603088379, 0.752108097076416, 0.7024937272071838, 0.7371973395347595, 0.7598006725311279]"
ba4749e2-e5f5-4a98-8663-2b703e280c6c,Surgery,0.1953125,0.267578125,0.302734375,0.2353515625,False,A,0.31135058403015137,medmcqa_5,"['STAT', 'STAT', 'PBMD', 'STAT', 'STAT']","[468043370482509840, 468043370482509854, 468043370483249095, 468043370482509837, 468043370482912465]","[0.796949028968811, 0.796949028968811, 0.7017790079116821, 0.7212662696838379, 0.7308732271194458]"
e69b4af9-37f2-4406-b962-bf7ebe20bc01,Surgery,0.65625,0.0419921875,0.0888671875,0.212890625,True,A,0.24023699760437012,medmcqa_5,"['PBMD', 'PBMD', 'TEXT', 'PBMD', 'STAT']","[468043370483412595, 468043370484085771, 468043370482369462, 468043370484067962, 468043370483049704]","[0.7360855937004089, 0.7351663708686829, 0.7279466986656189, 0.7476058006286621, 0.7197120189666748]"
8e0eacd3-9755-426d-b1c5-2bff71295f88,Surgery,0.0869140625,0.251953125,0.6015625,0.0595703125,True,C,0.23864126205444336,medmcqa_5,"['STAT', 'STAT', 'PBMD', 'PBMD', 'STAT']","[468043370482956333, 468043370483021173, 468043370484031596, 468043370483942239, 468043370482950887]","[0.7169827222824097, 0.7178879380226135, 0.7302007675170898, 0.7266205549240112, 0.7028155326843262]"
6cf6b5c6-09ae-42cd-8638-c6a77ced0338,Surgery,0.2001953125,0.423828125,0.2001953125,0.1767578125,False,A,0.2747209072113037,medmcqa_5,"['PBMD', 'PBMD', 'PBMD', 'PBMD', 'TEXT']","[468043370483764057, 468043370483808014, 468043370483421248, 468043370483735275, 468043370482494052]","[0.7579069137573242, 0.7428949475288391, 0.752006471157074, 0.7518132328987122, 0.7276850938796997]"
a94187fc-3135-4989-9cc3-e6d5bbce3044,Surgery,0.1435546875,0.07666015625,0.052734375,0.7265625,True,D,0.23407435417175293,medmcqa_5,"['PBMD', 'PBMD', 'PBMD', 'PBMD', 'PBMD']","[468043370483538836, 468043370483536906, 468043370484054717, 468043370483101913, 468043370483871860]","[0.7686163187026978, 0.7533892393112183, 0.7527159452438354, 0.781131386756897, 0.7508751749992371]"
b9558853-1ef8-40c5-93a0-4514d251569f,Surgery,0.00433349609375,0.001800537109375,0.000965118408203125,0.9921875,True,D,0.20506954193115234,medmcqa_5,"['STAT', 'STAT', 'STAT', 'STAT', 'STAT']","[468043370482522932, 468043370482498748, 468043370482987768, 468043370482920698, 468043370482522935]","[0.7345995903015137, 0.7539769411087036, 0.7517620921134949, 0.7728523015975952, 0.7132128477096558]"
4bf78fed-6576-4ea9-9ba9-1028d2eb6220,Surgery,0.09521484375,0.08935546875,0.796875,0.017578125,True,C,0.245513916015625,medmcqa_5,"['TEXT', 'PBMD', 'TEXT', 'STAT', 'PBMD']","[468043370482435067, 468043370483600278, 468043370482493497, 468043370483048430, 468043370483217650]","[0.7055482268333435, 0.7438368201255798, 0.7394008636474609, 0.7213525772094727, 0.7593062520027161]"
18a9bc7e-60fc-43e9-a7b0-7549ec785817,Anatomy,0.82421875,0.07177734375,0.08154296875,0.0233154296875,True,A,0.24986577033996582,medmcqa_5,"['TEXT', 'STAT', 'TEXT', 'STAT', 'STAT']","[468043370482371525, 468043370482866078, 468043370482371604, 468043370482807752, 468043370482915645]","[0.7545136213302612, 0.7652872800827026, 0.7218145132064819, 0.7573927044868469, 0.7482308745384216]"
b057a579-865e-4b5d-bd32-c859e19078c6,Anatomy,0.007110595703125,0.9921875,0.0012359619140625,0.000514984130859375,True,B,0.23050665855407715,medmcqa_5,"['STAT', 'STAT', 'TEXT', 'STAT', 'STAT']","[468043370483063082, 468043370482863136, 468043370482444469, 468043370482898492, 468043370482898499]","[0.8162007927894592, 0.7946823835372925, 0.7537544965744019, 0.7758371829986572, 0.7769614458084106]"
17b12130-371e-4713-9135-28d973da9706,Anatomy,0.6015625,0.0673828125,0.010986328125,0.322265625,True,A,0.2012331485748291,medmcqa_5,"['STAT', 'STAT', 'STAT', 'STAT', 'STAT']","[468043370482775539, 468043370482775544, 468043370482857757, 468043370482775236, 468043370482775556]","[0.7990073561668396, 0.78122878074646, 0.7518187165260315, 0.7712660431861877, 0.8082062602043152]"
0671ba93-8d80-4028-be83-24a1d3adec61,Anatomy,0.060791015625,0.04443359375,0.890625,0.0032196044921875,True,C,0.24579167366027832,medmcqa_5,"['STAT', 'STAT', 'STAT', 'STAT', 'TEXT']","[468043370482775569, 468043370482910924, 468043370483006884, 468043370482511332, 468043370482371842]","[0.8225867748260498, 0.8229285478591919, 0.8003314733505249, 0.8245234489440918, 0.7284299731254578]"
cbc66ce4-2ba3-4f5a-b22b-6640ac66581e,Anatomy,0.251953125,0.08154296875,0.470703125,0.1962890625,False,A,0.2746601104736328,medmcqa_5,"['TEXT', 'TEXT', 'TEXT', 'TEXT', 'STAT']","[468043370482371808, 468043370482371815, 468043370482371816, 468043370482371807, 468043370482779219]","[0.7831857204437256, 0.7560064196586609, 0.7641367316246033, 0.7689602375030518, 0.7653033137321472]"
73ba7368-c001-4d15-b4a3-f0d46feb4b5b,Anatomy,0.94140625,0.0250244140625,0.0302734375,0.004364013671875,True,A,0.22491860389709473,medmcqa_5,"['STAT', 'STAT', 'STAT', 'PBMD', 'STAT']","[468043370482556103, 468043370482781647, 468043370483001952, 468043370484126238, 468043370482556074]","[0.8057113289833069, 0.7845059037208557, 0.79498291015625, 0.7455134987831116, 0.8053008913993835]"
a497ae07-aaf0-4410-a034-665f087f1d83,Anatomy,0.1708984375,0.462890625,0.248046875,0.1171875,False,D,0.24209380149841309,medmcqa_5,"['STAT', 'STAT', 'STAT', 'PBMD', 'STAT']","[468043370482801322, 468043370482797440, 468043370482499205, 468043370483465220, 468043370482797428]","[0.710697591304779, 0.7158014178276062, 0.7079616785049438, 0.7476795315742493, 0.708710789680481]"
17e8cd93-d7a6-4e1a-af3a-5d4229721ed2,Anatomy,1.0,0.00048828125,0.00019073486328125,1.4722347259521484e-05,True,A,0.2509729862213135,medmcqa_5,"['STAT', 'STAT', 'STAT', 'STAT', 'STAT']","[468043370482857952, 468043370483018614, 468043370482799095, 468043370482852860, 468043370482799097]","[0.7883833646774292, 0.7346633672714233, 0.7576644420623779, 0.7503155469894409, 0.7596155405044556]"
03c11d83-2266-4c72-89f9-fa2615c10ae2,Anatomy,0.0179443359375,0.003753662109375,0.9765625,0.00147247314453125,True,C,0.2469472885131836,medmcqa_5,"['STAT', 'STAT', 'STAT', 'STAT', 'STAT']","[468043370482802618, 468043370482802621, 468043370482945340, 468043370482931469, 468043370482964040]","[0.7630153894424438, 0.7605475783348083, 0.7679541110992432, 0.7861613035202026, 0.7873990535736084]"
638442d9-e6dd-42a0-9803-9042d9a88e09,Anatomy,0.0123291015625,0.98046875,0.00201416015625,0.003997802734375,True,B,0.23766827583312988,medmcqa_5,"['STAT', 'STAT', 'STAT', 'STAT', 'STAT']","[468043370482892776, 468043370482885344, 468043370482814439, 468043370483065759, 468043370482966289]","[0.7767208218574524, 0.7751448750495911, 0.7666806578636169, 0.7719154953956604, 0.7719303965568542]"
cc495e6f-ff1e-491b-8c15-17554a45d3ad,Anatomy,0.130859375,0.10205078125,0.10205078125,0.6640625,True,D,0.24956274032592773,medmcqa_5,"['STAT', 'STAT', 'PBMD', 'PBMD', 'STAT']","[468043370482510691, 468043370482926628, 468043370483724282, 468043370483720275, 468043370482803274]","[0.7951890230178833, 0.8035821914672852, 0.7361733317375183, 0.7575576305389404, 0.7935918569564819]"
b0b7042b-be4c-42ad-8507-897cb8e6efd6,Anatomy,0.0023193359375,0.00180816650390625,0.000202178955078125,0.99609375,True,D,0.27268099784851074,medmcqa_5,"['TEXT', 'STAT', 'STAT', 'STAT', 'TEXT']","[468043370482371697, 468043370483032686, 468043370483032672, 468043370482828450, 468043370482371691]","[0.7053251266479492, 0.7183561325073242, 0.7149757146835327, 0.7254217267036438, 0.704311728477478]"
582761e9-2e70-4d1e-91d8-c97da4737e47,Anatomy,0.9921875,0.00592041015625,0.000621795654296875,0.00015735626220703125,True,A,0.20884084701538086,medmcqa_5,"['STAT', 'STAT', 'STAT', 'TEXT', 'STAT']","[468043370482882350, 468043370482882345, 468043370483026487, 468043370482371701, 468043370482792001]","[0.747685432434082, 0.7498194575309753, 0.7497668266296387, 0.749203622341156, 0.7497640252113342]"
21428c77-d386-4507-bb71-20c05b5f32b6,Anatomy,0.2421875,0.0093994140625,0.001739501953125,0.74609375,True,D,0.24923419952392578,medmcqa_5,"['STAT', 'TEXT', 'STAT', 'TEXT', 'STAT']","[468043370482950681, 468043370482441399, 468043370482829632, 468043370482441428, 468043370482841488]","[0.720055103302002, 0.7070146799087524, 0.7009579539299011, 0.7154515385627747, 0.7227135896682739]"
ba0534c9-3275-481d-8130-62a393d57b2a,Anatomy,0.048583984375,0.0849609375,0.006561279296875,0.859375,True,D,0.3435087203979492,medmcqa_5,"['STAT', 'PBMD', 'STAT', 'STAT', 'STAT']","[468043370483058944, 468043370483525995, 468043370483058941, 468043370482866055, 468043370482911171]","[0.720533013343811, 0.7267065644264221, 0.7225660681724548, 0.7364031672477722, 0.7036648988723755]"
2e268767-aa15-4fa6-9628-3f586ab729f9,Anatomy,0.2578125,0.546875,0.1220703125,0.07373046875,True,B,0.42418861389160156,medmcqa_5,"['STAT', 'STAT', 'PBMD', 'STAT', 'TEXT']","[468043370482831257, 468043370482537477, 468043370483909987, 468043370482536654, 468043370482489829]","[0.8663113713264465, 0.8414195775985718, 0.8228029012680054, 0.8256492614746094, 0.8003860712051392]"
2bd3f36b-ca4b-4aaf-80ed-433c884e740c,Anatomy,0.9921875,0.005218505859375,0.000850677490234375,0.00109100341796875,True,A,0.292248010635376,medmcqa_5,"['STAT', 'PBMD', 'PBMD', 'STAT', 'PBMD']","[468043370482919113, 468043370483505497, 468043370484097652, 468043370482811485, 468043370483867575]","[0.7917945384979248, 0.7599871158599854, 0.7845728397369385, 0.7644408941268921, 0.7675926685333252]"
10bd1123-5a30-4895-b50c-4d176aa3a858,Anatomy,0.00628662109375,0.9921875,0.00042724609375,0.000904083251953125,True,B,0.19605684280395508,medmcqa_5,"['STAT', 'STAT', 'STAT', 'STAT', 'TEXT']","[468043370482831062, 468043370482831064, 468043370482797428, 468043370482831061, 468043370482459858]","[0.7768763303756714, 0.7665694952011108, 0.7682818174362183, 0.7931771874427795, 0.7390794157981873]"
58be1fdb-ba8a-47c2-9e2e-b5433bba6128,Anatomy,0.94140625,0.0267333984375,0.0267333984375,0.004364013671875,True,A,0.21527814865112305,medmcqa_5,"['STAT', 'STAT', 'STAT', 'STAT', 'PBMD']","[468043370482848178, 468043370483035004, 468043370482518718, 468043370482937213, 468043370483539334]","[0.8205100893974304, 0.7479979991912842, 0.8104172945022583, 0.7905099391937256, 0.835312008857727]"
50e6ad3a-808e-4051-9036-f69e2a00fed0,Anatomy,0.04296875,0.0625,0.033447265625,0.859375,True,D,0.22005271911621094,medmcqa_5,"['STAT', 'STAT', 'TEXT', 'STAT', 'STAT']","[468043370482927701, 468043370482912179, 468043370482371297, 468043370482808610, 468043370482850219]","[0.7376311421394348, 0.7553764581680298, 0.7409652471542358, 0.7437419295310974, 0.7518306970596313]"
94377365-084a-4a08-9081-c1f2aa7b1b84,Biochemistry,0.01409912109375,0.03173828125,0.1337890625,0.8203125,True,D,0.27261805534362793,medmcqa_5,"['TEXT', 'TEXT', 'PBMD', 'PBMD', 'TEXT']","[468043370482373971, 468043370482373964, 468043370483702838, 468043370483308737, 468043370482373896]","[0.7711938619613647, 0.7436567544937134, 0.759710431098938, 0.7643157243728638, 0.7322208881378174]"
2e4f5929-8c85-4561-9656-44bc930b581b,Biochemistry,0.08837890625,0.89453125,0.01446533203125,0.0025177001953125,True,B,0.27253007888793945,medmcqa_5,"['TEXT', 'STAT', 'TEXT', 'STAT', 'TEXT']","[468043370482373014, 468043370482832405, 468043370482428994, 468043370482933864, 468043370482428991]","[0.7703951597213745, 0.777025043964386, 0.7863975763320923, 0.809424638748169, 0.7806312441825867]"
f453239e-7a50-4fcc-a6c3-a30bab8a7bbc,Biochemistry,0.052978515625,0.005584716796875,0.94140625,0.000858306884765625,True,C,0.27269768714904785,medmcqa_5,"['TEXT', 'STAT', 'STAT', 'TEXT', 'STAT']","[468043370482372517, 468043370482866098, 468043370483075181, 468043370482374605, 468043370482989404]","[0.8605254292488098, 0.7499575614929199, 0.7704612016677856, 0.759760320186615, 0.7258574366569519]"
fee8e15d-e052-4604-a6d6-612b6d8206a1,Biochemistry,0.1474609375,0.66015625,0.1669921875,0.0240478515625,True,B,0.42647552490234375,medmcqa_5,"['PBMD', 'PBMD', 'PBMD', 'PBMD', 'PBMD']","[468043370483464563, 468043370483310152, 468043370483480221, 468043370483123336, 468043370483501618]","[0.7925646901130676, 0.7910705804824829, 0.7892367839813232, 0.7831308841705322, 0.7847121953964233]"
175da91c-e2bf-466d-9a4f-cd8a1b4003d2,Biochemistry,0.87109375,0.06298828125,0.046142578125,0.0205078125,True,A,0.2519073486328125,medmcqa_5,"['STAT', 'TEXT', 'STAT', 'PBMD', 'TEXT']","[468043370482818684, 468043370482481330, 468043370483030288, 468043370483463303, 468043370482373368]","[0.7487693428993225, 0.7396223545074463, 0.7303206324577332, 0.7268999218940735, 0.7433261871337891]"
407c6552-4139-4426-8b6d-4be7e666c733,Biochemistry,0.01092529296875,0.0035552978515625,0.984375,0.000698089599609375,True,C,0.25198793411254883,medmcqa_5,"['TEXT', 'TEXT', 'TEXT', 'TEXT', 'TEXT']","[468043370482374463, 468043370482372398, 468043370482374819, 468043370482374464, 468043370482374815]","[0.7478004097938538, 0.7035327553749084, 0.6834976673126221, 0.6858221888542175, 0.6822459101676941]"
53273e2b-2ecc-4a66-873f-4926a4a22c52,Biochemistry,0.0198974609375,0.0211181640625,0.95703125,0.00127410888671875,True,C,0.345822811126709,medmcqa_5,"['STAT', 'PBMD', 'TEXT', 'STAT', 'PBMD']","[468043370482951776, 468043370483920592, 468043370482373383, 468043370483030294, 468043370483885076]","[0.8243868947029114, 0.7770403027534485, 0.7651615142822266, 0.8179020881652832, 0.7882512807846069]"
185c4942-7886-4e49-b242-6634e83b0efb,Biochemistry,0.37109375,0.61328125,0.00927734375,0.0076904296875,False,A,0.27309465408325195,medmcqa_5,"['TEXT', 'STAT', 'PBMD', 'STAT', 'STAT']","[468043370482372364, 468043370482561406, 468043370484074023, 468043370482561407, 468043370482561403]","[0.7664929032325745, 0.72506183385849, 0.7661831378936768, 0.741787850856781, 0.7435998320579529]"
77455482-e309-477c-a662-c2d26da66b19,Biochemistry,0.44921875,0.1650390625,0.1455078125,0.240234375,False,D,0.39899301528930664,medmcqa_5,"['STAT', 'STAT', 'TEXT', 'STAT', 'TEXT']","[468043370482935092, 468043370482831042, 468043370482372676, 468043370482935085, 468043370482372661]","[0.778976559638977, 0.7647706270217896, 0.7666648030281067, 0.7654344439506531, 0.7787065505981445]"
8b0d7f3b-3c6c-4973-83d1-9e3220b73538,Biochemistry,0.007568359375,0.98828125,0.0019073486328125,0.0012359619140625,True,B,0.20487570762634277,medmcqa_5,"['STAT', 'TEXT', 'STAT', 'STAT', 'TEXT']","[468043370482983115, 468043370482468726, 468043370482899847, 468043370482816889, 468043370482408722]","[0.835772693157196, 0.7620687484741211, 0.7688392400741577, 0.7818179726600647, 0.760871410369873]"
afa06daa-f47f-4e6a-92b4-c8da542e9aff,Biochemistry,0.4765625,0.03662109375,0.010498046875,0.4765625,False,D,0.5504179000854492,medmcqa_5,"['PBMD', 'PBMD', 'PBMD', 'PBMD', 'TEXT']","[468043370483087011, 468043370483099262, 468043370483553484, 468043370483153311, 468043370482429186]","[0.7751668691635132, 0.7695908546447754, 0.7715763449668884, 0.7746213674545288, 0.7541045546531677]"
8b91d707-6038-40de-8833-d865318f791e,Biochemistry,1.0,0.000335693359375,0.0003795623779296875,0.00011587142944335938,True,A,0.24812912940979004,medmcqa_5,"['STAT', 'TEXT', 'TEXT', 'STAT', 'STAT']","[468043370483007275, 468043370482374151, 468043370482373934, 468043370483031321, 468043370482513111]","[0.7820264101028442, 0.7949901819229126, 0.7492687106132507, 0.8085050582885742, 0.7761624455451965]"
acb04c70-4617-4968-9f93-ad46bc9fb8e8,Biochemistry,0.82421875,0.07177734375,0.0181884765625,0.0869140625,True,A,0.24720430374145508,medmcqa_5,"['TEXT', 'TEXT', 'STAT', 'STAT', 'TEXT']","[468043370482374562, 468043370482374568, 468043370482910549, 468043370482951794, 468043370482374561]","[0.7578264474868774, 0.7788087129592896, 0.7461668252944946, 0.7198110818862915, 0.7262563705444336]"
295f859b-9b57-4044-a59f-1dcde3f3fc0c,Biochemistry,0.00102996826171875,1.0,0.0003795623779296875,0.0001087188720703125,True,B,0.24988031387329102,medmcqa_5,"['STAT', 'STAT', 'PBMD', 'STAT', 'STAT']","[468043370482965709, 468043370482835674, 468043370483529418, 468043370482513611, 468043370483053922]","[0.7531226873397827, 0.8011800050735474, 0.792380690574646, 0.7500418424606323, 0.7622137069702148]"
72c1c5e0-b64f-4eef-bf22-ecfb60c5c19c,Biochemistry,0.8515625,0.0615234375,0.051025390625,0.037353515625,True,A,0.2499241828918457,medmcqa_5,"['STAT', 'TEXT', 'TEXT', 'TEXT', 'PBMD']","[468043370482533668, 468043370482373420, 468043370482428734, 468043370482459626, 468043370483263805]","[0.7507427930831909, 0.7875003814697266, 0.79032301902771, 0.768485963344574, 0.7932261228561401]"
ea74c4e3-b77c-4f4b-93f5-446329dca730,Biochemistry,0.21875,0.59375,0.0908203125,0.0966796875,True,B,0.28035950660705566,medmcqa_5,"['PBMD', 'PBMD', 'TEXT', 'TEXT', 'TEXT']","[468043370483087590, 468043370483090791, 468043370482372405, 468043370482372406, 468043370482372425]","[0.753783106803894, 0.7739356756210327, 0.7491224408149719, 0.7825678586959839, 0.7384851574897766]"
b317e9f7-2bdd-4fdc-a43f-e0855f5712f9,Biochemistry,0.0458984375,0.0279541015625,0.81640625,0.1103515625,True,C,0.2824578285217285,medmcqa_5,"['PBMD', 'STAT', 'TEXT', 'TEXT', 'STAT']","[468043370483882037, 468043370482832406, 468043370482372999, 468043370482372975, 468043370482974922]","[0.7607961893081665, 0.7516130208969116, 0.7335011959075928, 0.7420108318328857, 0.7275193929672241]"
b6fbe1fc-11a5-4251-9326-d4c880d2799d,Biochemistry,0.9921875,0.0029754638671875,0.0031585693359375,0.00115966796875,True,A,0.25200366973876953,medmcqa_5,"['TEXT', 'TEXT', 'STAT', 'STAT', 'STAT']","[468043370482372802, 468043370482376972, 468043370482945439, 468043370482983200, 468043370483006538]","[0.7416002750396729, 0.7187179923057556, 0.7310976386070251, 0.7476235032081604, 0.7069999575614929]"
ed24d502-040d-47a0-b3ed-d355cd0481a8,Biochemistry,0.017822265625,0.009521484375,0.97265625,0.00176239013671875,True,C,0.286407470703125,medmcqa_5,"['TEXT', 'STAT', 'TEXT', 'STAT', 'STAT']","[468043370482372840, 468043370482774440, 468043370482372891, 468043370482894977, 468043370482869390]","[0.760709285736084, 0.7265794277191162, 0.7146605253219604, 0.7404907941818237, 0.7131804823875427]"
2842876c-766c-4b9b-a630-8233d82da426,Biochemistry,0.9921875,0.004058837890625,0.002044677734375,0.0002288818359375,True,A,0.24785161018371582,medmcqa_5,"['STAT', 'STAT', 'TEXT', 'PBMD', 'STAT']","[468043370483022854, 468043370482884033, 468043370482461526, 468043370483771115, 468043370482923632]","[0.7520365715026855, 0.7514826059341431, 0.7480822205543518, 0.7826806902885437, 0.7393276691436768]"
3082bf7d-871f-4f5a-9235-63668503c2e5,Physiology,0.98828125,0.007537841796875,0.0024566650390625,0.0007476806640625,True,A,0.23409676551818848,medmcqa_5,"['TEXT', 'STAT', 'TEXT', 'STAT', 'PBMD']","[468043370482372184, 468043370483002192, 468043370482435705, 468043370483002216, 468043370483471603]","[0.7295929193496704, 0.7255542874336243, 0.7228270173072815, 0.7219054698944092, 0.7628642320632935]"
6f0866d9-9829-4182-868c-023a402a638a,Physiology,0.62890625,0.357421875,0.0101318359375,0.004241943359375,False,B,0.25208568572998047,medmcqa_5,"['TEXT', 'TEXT', 'STAT', 'STAT', 'STAT']","[468043370482393381, 468043370482393382, 468043370483021378, 468043370483060092, 468043370482801619]","[0.7709123492240906, 0.7582079172134399, 0.7904807329177856, 0.784439742565155, 0.7475348114967346]"
4a5c465a-979c-468e-a5c8-286d987f9d4d,Physiology,0.54296875,0.2265625,0.12158203125,0.107421875,True,A,0.34549832344055176,medmcqa_5,"['TEXT', 'PBMD', 'PBMD', 'TEXT', 'PBMD']","[468043370482476244, 468043370483156633, 468043370483490996, 468043370482465282, 468043370483494568]","[0.7231113910675049, 0.7503583431243896, 0.732679009437561, 0.727748453617096, 0.7447630167007446]"
e81f9080-63a6-4b59-88a1-28ed69c13055,Physiology,0.51953125,0.1025390625,0.06201171875,0.314453125,False,D,0.3496272563934326,medmcqa_5,"['PBMD', 'PBMD', 'PBMD', 'STAT', 'TEXT']","[468043370483592926, 468043370483458445, 468043370483316392, 468043370482935982, 468043370482473377]","[0.8206244707107544, 0.811078667640686, 0.7980343103408813, 0.7661508917808533, 0.7884708046913147]"
f8dab76a-a9f8-408d-ad30-fd8a5d1b74ab,Physiology,0.00058746337890625,1.0,0.0001583099365234375,8.487701416015625e-05,True,B,0.20657682418823242,medmcqa_5,"['PBMD', 'PBMD', 'PBMD', 'PBMD', 'PBMD']","[468043370483768922, 468043370484022526, 468043370483604095, 468043370483607234, 468043370483225087]","[0.7366231083869934, 0.7517696022987366, 0.7451940774917603, 0.7366417050361633, 0.7659004926681519]"
ea356491-9065-46ad-b1d2-bfed7eb2d2ca,Physiology,0.193359375,0.318359375,0.318359375,0.169921875,False,A,0.398343563079834,medmcqa_5,"['STAT', 'TEXT', 'TEXT', 'TEXT', 'PBMD']","[468043370483002873, 468043370482461670, 468043370482463719, 468043370482404431, 468043370483555853]","[0.7490592002868652, 0.7245251536369324, 0.753924548625946, 0.725428581237793, 0.7476166486740112]"
66d7e017-f2f8-4325-8333-07c45a2fa0e7,Physiology,0.12060546875,0.030517578125,0.0126953125,0.8359375,True,D,0.2538022994995117,medmcqa_5,"['TEXT', 'TEXT', 'TEXT', 'STAT', 'TEXT']","[468043370482468028, 468043370482473578, 468043370482393050, 468043370482879951, 468043370482473859]","[0.7370904088020325, 0.7592212557792664, 0.750023365020752, 0.7395784854888916, 0.7459418177604675]"
2cf21e00-e098-4ed3-83d5-118302a0d9ea,Physiology,0.24609375,0.66796875,0.080078125,0.00543212890625,True,B,0.4057576656341553,medmcqa_5,"['PBMD', 'PBMD', 'STAT', 'PBMD', 'STAT']","[468043370483957274, 468043370484021842, 468043370482824248, 468043370483457261, 468043370482941074]","[0.716793417930603, 0.7177497148513794, 0.7015256285667419, 0.7275161743164062, 0.7048439383506775]"
efd270a2-fc23-4227-9900-8410e5e21254,Physiology,0.02734375,0.00885009765625,0.9609375,0.00185394287109375,True,C,0.29956626892089844,medmcqa_5,"['STAT', 'STAT', 'STAT', 'PBMD', 'PBMD']","[468043370482797109, 468043370482537085, 468043370482952412, 468043370483312227, 468043370483675893]","[0.880851686000824, 0.7765210866928101, 0.7601869106292725, 0.7763718366622925, 0.7736752033233643]"
133b6b41-ac32-4d94-b0c8-9004aa2214f4,Physiology,0.11962890625,0.5703125,0.09912109375,0.2099609375,False,C,0.2012028694152832,medmcqa_5,"['TEXT', 'TEXT', 'STAT', 'STAT', 'TEXT']","[468043370482393913, 468043370482474010, 468043370482982686, 468043370482982683, 468043370482391735]","[0.7629036903381348, 0.7682644128799438, 0.7375492453575134, 0.7264613509178162, 0.7466650605201721]"
9694e5f6-a417-49f7-a455-7a8d08c68f5c,Physiology,0.94140625,0.01953125,0.013427734375,0.0267333984375,True,A,0.2749507427215576,medmcqa_5,"['STAT', 'STAT', 'TEXT', 'STAT', 'TEXT']","[468043370482963959, 468043370482503507, 468043370482394856, 468043370483034411, 468043370482394855]","[0.81439208984375, 0.7745378613471985, 0.7960188388824463, 0.7736794948577881, 0.7941988706588745]"
dfdb6250-ea23-4154-b381-ff16ea720fb8,Physiology,0.412109375,0.25,0.283203125,0.0556640625,False,B,0.44277167320251465,medmcqa_5,"['PBMD', 'TEXT', 'TEXT', 'STAT', 'STAT']","[468043370483144510, 468043370482473355, 468043370482393054, 468043370482879947, 468043370482879949]","[0.7562766075134277, 0.7066420912742615, 0.730326771736145, 0.7000378370285034, 0.6953022480010986]"
fec4f95e-7c1c-4e3e-9245-18cc14fe84e9,Physiology,0.20703125,0.63671875,0.1416015625,0.01495361328125,False,C,0.3498704433441162,medmcqa_5,"['PBMD', 'TEXT', 'PBMD', 'TEXT', 'PBMD']","[468043370483197147, 468043370482377311, 468043370483639433, 468043370482472980, 468043370483452022]","[0.8050825595855713, 0.7585225105285645, 0.8012115955352783, 0.7405573129653931, 0.7924226522445679]"
1406e461-b277-4d57-9ff7-9ec3d60b97fe,Physiology,0.0693359375,0.8984375,0.0145263671875,0.0186767578125,True,B,0.3928720951080322,medmcqa_5,"['PBMD', 'PBMD', 'TEXT', 'STAT', 'PBMD']","[468043370483736180, 468043370483794991, 468043370482483744, 468043370482933256, 468043370483257942]","[0.7622321248054504, 0.7661988735198975, 0.7101809978485107, 0.7525226473808289, 0.76558917760849]"
fef5262b-beee-4456-aef1-aa0f161733ea,Physiology,0.20703125,0.72265625,0.055908203125,0.01324462890625,True,B,0.27712440490722656,medmcqa_5,"['TEXT', 'PBMD', 'STAT', 'STAT', 'PBMD']","[468043370482466728, 468043370483705175, 468043370482985576, 468043370482805408, 468043370483110945]","[0.7375684380531311, 0.7595530152320862, 0.7464184761047363, 0.7464274764060974, 0.7670946717262268]"
ec80b06d-855f-41f7-82cf-8aa8d8ec9571,Physiology,0.007080078125,0.0037994384765625,0.98828125,0.0003108978271484375,True,C,0.20475506782531738,medmcqa_5,"['TEXT', 'STAT', 'STAT', 'STAT', 'STAT']","[468043370482473355, 468043370482520003, 468043370482520004, 468043370482785232, 468043370482879954]","[0.7644391655921936, 0.7356526851654053, 0.7502559423446655, 0.7579160332679749, 0.783223569393158]"
57ddda15-6303-4ef9-a63c-8274551717ca,Physiology,0.2158203125,0.16796875,0.259765625,0.35546875,False,A,0.44139552116394043,medmcqa_5,"['TEXT', 'STAT', 'STAT', 'PBMD', 'TEXT']","[468043370482404207, 468043370482961893, 468043370482914328, 468043370483283826, 468043370482437912]","[0.7568345069885254, 0.7397485375404358, 0.742805004119873, 0.801941454410553, 0.7591654062271118]"
f990288f-3d8a-48a3-a4bf-ea3e1a20bf96,Physiology,0.13671875,0.064453125,0.78515625,0.014404296875,True,C,0.3460197448730469,medmcqa_5,"['TEXT', 'STAT', 'STAT', 'PBMD', 'STAT']","[468043370482388951, 468043370482822538, 468043370482565295, 468043370483189508, 468043370482881364]","[0.7452715039253235, 0.7201045751571655, 0.7339811325073242, 0.7880597114562988, 0.7284464240074158]"
888d0ff6-14ae-4f05-af6b-8e7060ba016f,Physiology,0.12158203125,0.48046875,0.10693359375,0.291015625,False,A,0.41114044189453125,medmcqa_5,"['TEXT', 'TEXT', 'TEXT', 'TEXT', 'TEXT']","[468043370482464345, 468043370482427147, 468043370482384112, 468043370482469213, 468043370482427167]","[0.7396261692047119, 0.748857855796814, 0.7467076182365417, 0.7232016921043396, 0.7305576801300049]"
f6629c78-7a28-4abb-a0ff-98789fbe04da,Physiology,0.255859375,0.2265625,0.2265625,0.291015625,False,A,0.42333292961120605,medmcqa_5,"['STAT', 'PBMD', 'STAT', 'STAT', 'STAT']","[468043370482888071, 468043370483293312, 468043370482559658, 468043370483062686, 468043370482877012]","[0.772885799407959, 0.7190607190132141, 0.7251414656639099, 0.714996874332428, 0.7332112193107605]"
3f5b3234-71dc-4d1e-a1fe-265407c17c5a,Gynaecology & Obstetrics,0.6875,0.0081787109375,0.287109375,0.0152587890625,False,B,0.24929451942443848,medmcqa_5,"['PBMD', 'TEXT', 'PBMD', 'TEXT', 'STAT']","[468043370483138578, 468043370482456690, 468043370483460138, 468043370482384395, 468043370483015426]","[0.8043650388717651, 0.7753543853759766, 0.8007405996322632, 0.7513205409049988, 0.767172634601593]"
bc46c956-a37d-4804-91ac-fa804db85897,Gynaecology & Obstetrics,0.083984375,0.1572265625,0.05419921875,0.703125,True,D,0.24886465072631836,medmcqa_5,"['TEXT', 'PBMD', 'PBMD', 'STAT', 'STAT']","[468043370482428127, 468043370483420292, 468043370483848030, 468043370482533850, 468043370482941648]","[0.7293375134468079, 0.7635348439216614, 0.7650424242019653, 0.7208877205848694, 0.7497674226760864]"
f8844c8c-594b-417e-81a5-e46ebe4b65d8,Gynaecology & Obstetrics,0.9765625,0.01904296875,0.0045166015625,0.0016632080078125,True,A,0.2761087417602539,medmcqa_5,"['STAT', 'PBMD', 'PBMD', 'TEXT', 'TEXT']","[468043370482540387, 468043370483711916, 468043370483979165, 468043370482447688, 468043370482447825]","[0.7737096548080444, 0.8010238409042358, 0.7917675971984863, 0.7826297283172607, 0.7708209156990051]"
15cebe53-6289-419d-af57-d6f5c6177147,Gynaecology & Obstetrics,0.169921875,0.0908203125,0.71484375,0.0260009765625,True,C,0.25121641159057617,medmcqa_5,"['STAT', 'STAT', 'TEXT', 'STAT', 'STAT']","[468043370482897092, 468043370482897091, 468043370482450765, 468043370482510955, 468043370482897081]","[0.7876789569854736, 0.8144793510437012, 0.8133200407028198, 0.7734622955322266, 0.7933720350265503]"
bc8e9ed4-81fd-4c8e-9381-ae6c4d193066,Gynaecology & Obstetrics,0.05517578125,0.59375,0.07080078125,0.28125,False,D,0.27471375465393066,medmcqa_5,"['PBMD', 'PBMD', 'PBMD', 'PBMD', 'TEXT']","[468043370483734664, 468043370483498154, 468043370483857708, 468043370483920884, 468043370482448504]","[0.8075612783432007, 0.8056293725967407, 0.7896801829338074, 0.7996826171875, 0.7812310457229614]"
e45de5c9-41f3-4aed-a77a-9a1cc3ee63db,Gynaecology & Obstetrics,0.01239013671875,0.984375,0.002288818359375,0.002593994140625,True,B,0.2655825614929199,medmcqa_5,"['TEXT', 'PBMD', 'TEXT', 'TEXT', 'PBMD']","[468043370482445843, 468043370483697255, 468043370482445853, 468043370482445852, 468043370484044675]","[0.7418465614318848, 0.74895840883255, 0.7267040610313416, 0.742111086845398, 0.7344247698783875]"
b0c6997a-bf16-4f7c-8c44-7a3504e0131b,Gynaecology & Obstetrics,0.66796875,0.1494140625,0.06640625,0.1162109375,True,A,0.2764410972595215,medmcqa_5,"['STAT', 'STAT', 'PBMD', 'PBMD', 'STAT']","[468043370483021538, 468043370482830325, 468043370483851106, 468043370483251670, 468043370482516849]","[0.7206593155860901, 0.7431933283805847, 0.7330121397972107, 0.7625633478164673, 0.7218395471572876]"
6bb818fb-dbe5-4580-8f45-d6e875bf0516,Gynaecology & Obstetrics,0.2109375,0.00927734375,0.04150390625,0.73828125,True,D,0.24196457862854004,medmcqa_5,"['PBMD', 'TEXT', 'PBMD', 'PBMD', 'TEXT']","[468043370483902686, 468043370482450885, 468043370483684546, 468043370483478487, 468043370482450927]","[0.750292956829071, 0.7625737190246582, 0.7607556581497192, 0.7687323689460754, 0.7706516981124878]"
71905d50-bffe-468f-ada2-77d845d55daf,Gynaecology & Obstetrics,0.51171875,0.1884765625,0.2138671875,0.083984375,True,A,0.2487032413482666,medmcqa_5,"['TEXT', 'PBMD', 'TEXT', 'STAT', 'PBMD']","[468043370482373419, 468043370483592246, 468043370482453786, 468043370482895806, 468043370483389331]","[0.8029064536094666, 0.790890097618103, 0.7881923317909241, 0.7972797155380249, 0.8150458335876465]"
7b08c0f1-55fc-45d7-b4e1-b6e4666a1f88,Gynaecology & Obstetrics,0.076171875,0.019287109375,0.87109375,0.03369140625,True,C,0.2726292610168457,medmcqa_5,"['PBMD', 'TEXT', 'PBMD', 'PBMD', 'PBMD']","[468043370484101415, 468043370482411560, 468043370484056894, 468043370483718534, 468043370483901879]","[0.8226392269134521, 0.7840045690536499, 0.8244415521621704, 0.8047984838485718, 0.8405545949935913]"
250445f9-5a5a-45c0-9035-f581f79f5030,Gynaecology & Obstetrics,0.044921875,0.0164794921875,0.037109375,0.90234375,True,D,0.34349679946899414,medmcqa_5,"['STAT', 'PBMD', 'PBMD', 'PBMD', 'TEXT']","[468043370482803253, 468043370483372570, 468043370483239852, 468043370483718961, 468043370482389741]","[0.7976130843162537, 0.8218309879302979, 0.8544018268585205, 0.8449541330337524, 0.7841507792472839]"
cda9b8dd-1c5b-4b7d-b08c-8e959ab72415,Gynaecology & Obstetrics,0.0439453125,0.8828125,0.056396484375,0.018310546875,True,B,0.2727537155151367,medmcqa_5,"['TEXT', 'STAT', 'TEXT', 'PBMD', 'TEXT']","[468043370482385919, 468043370482509421, 468043370482386226, 468043370483894948, 468043370482469274]","[0.780829668045044, 0.7915126085281372, 0.7749919891357422, 0.7829908132553101, 0.7883532643318176]"
770a2934-5df3-4d53-a79c-0d4358b95016,Gynaecology & Obstetrics,0.984375,0.01092529296875,0.002288818359375,0.000843048095703125,True,A,0.24569392204284668,medmcqa_5,"['TEXT', 'PBMD', 'PBMD', 'PBMD', 'PBMD']","[468043370482390941, 468043370483676327, 468043370483325721, 468043370483499524, 468043370483305450]","[0.7104771733283997, 0.7666369080543518, 0.7659325003623962, 0.7560914754867554, 0.790471076965332]"
2b3b8bbc-f04f-408d-8be8-41b13fe26adc,Gynaecology & Obstetrics,0.404296875,0.09033203125,0.404296875,0.10205078125,True,A,0.37648463249206543,medmcqa_5,"['STAT', 'STAT', 'TEXT', 'PBMD', 'PBMD']","[468043370482896596, 468043370482896600, 468043370482449891, 468043370483760913, 468043370483757943]","[0.7176457047462463, 0.697379469871521, 0.7013566493988037, 0.7480217814445496, 0.7155327796936035]"
57320c34-592b-45bb-91ff-bc7fc682b88c,Gynaecology & Obstetrics,0.1376953125,0.2265625,0.6171875,0.0186767578125,True,C,0.343536376953125,medmcqa_5,"['STAT', 'STAT', 'PBMD', 'TEXT', 'PBMD']","[468043370482783209, 468043370483009640, 468043370483640117, 468043370482451346, 468043370483851103]","[0.7500271797180176, 0.76438969373703, 0.7676064968109131, 0.737511396408081, 0.7627772092819214]"
c34c9996-5391-4655-9249-948fe2cb0d2b,Gynaecology & Obstetrics,0.00433349609375,0.9921875,0.00080108642578125,0.00116729736328125,False,A,0.27600717544555664,medmcqa_5,"['TEXT', 'PBMD', 'STAT', 'STAT', 'STAT']","[468043370482449132, 468043370483895570, 468043370482983799, 468043370482983784, 468043370482995656]","[0.7698663473129272, 0.768461287021637, 0.7339727878570557, 0.7650191783905029, 0.7776621580123901]"
23c2e953-ff3a-48f2-9056-939ee23af812,Gynaecology & Obstetrics,0.056884765625,0.88671875,0.050048828125,0.004974365234375,False,A,0.2748091220855713,medmcqa_5,"['TEXT', 'TEXT', 'TEXT', 'TEXT', 'STAT']","[468043370482492824, 468043370482492823, 468043370482385637, 468043370482390082, 468043370483012075]","[0.8501918911933899, 0.8105524182319641, 0.8245553970336914, 0.8124447464942932, 0.7946925163269043]"
d1872344-cb7a-4782-820e-6ea25a23ac9a,Gynaecology & Obstetrics,0.41796875,0.287109375,0.1748046875,0.11962890625,False,B,0.42171597480773926,medmcqa_5,"['STAT', 'PBMD', 'STAT', 'STAT', 'TEXT']","[468043370482899028, 468043370483900405, 468043370483015704, 468043370482888847, 468043370482452521]","[0.7367602586746216, 0.75766921043396, 0.7444647550582886, 0.7199112772941589, 0.753743052482605]"
4e9c6e74-1604-4599-91c2-02d22adcb765,Gynaecology & Obstetrics,0.034423828125,0.94921875,0.01123046875,0.006805419921875,True,B,0.25319433212280273,medmcqa_5,"['PBMD', 'STAT', 'TEXT', 'STAT', 'PBMD']","[468043370484086546, 468043370482956824, 468043370482456922, 468043370482961794, 468043370483900774]","[0.7938796281814575, 0.7647995948791504, 0.742103636264801, 0.7655998468399048, 0.7761508226394653]"
8d77827e-91fd-4d45-a89e-0b7e2e0e9c99,Gynaecology & Obstetrics,0.07958984375,0.19140625,0.66796875,0.06201171875,False,A,0.29965686798095703,medmcqa_5,"['PBMD', 'PBMD', 'PBMD', 'STAT', 'STAT']","[468043370483621781, 468043370483438059, 468043370483308516, 468043370482996319, 468043370482983809]","[0.7493824362754822, 0.7358973622322083, 0.7568507790565491, 0.7376981973648071, 0.7652439475059509]"
